historico;horas_voadas;aeronave;numero_db;base;data_voo;origem;destino;passageiro;cargo_passageiro;orgao_passageiro
Traslado do Exmo. Governador de Minas e Comitiva até as cidades de São Antônio do Monte e Serra da Saudade/MG;00:41:00;PR-DTG - N3;0002-2026;DTA;2026-01-15 00:00:00;BELO HORIZONTE;SANTO ANTONIO DO MONTE;Alessandra Diniz Portela Silveira (Alê Portela);Secretário de Estado;Secretaria de Estado de Desenvolvimento Social
Traslado do Exmo. Governador de Minas e Comitiva até as cidades de São Antônio do Monte e Serra da Saudade/MG;00:41:00;PR-DTG - N3;0002-2026;DTA;2026-01-15 00:00:00;BELO HORIZONTE;SANTO ANTONIO DO MONTE;Eric da Cruz Gonçalves;Assessor Especial;Secretaria de Estado de Comunicação Social
Traslado do Exmo. Governador de Minas e Comitiva até as cidades de São Antônio do Monte e Serra da Saudade/MG;00:41:00;PR-DTG - N3;0002-2026;DTA;2026-01-15 00:00:00;BELO HORIZONTE;SANTO ANTONIO DO MONTE;Greyce de Queiroz Elias;Deputado(a) Estadual;Assembleia Legislativa do Estado de Minas Gerais
Traslado do Exmo. Governador de Minas e Comitiva até as cidades de São Antônio do Monte e Serra da Saudade/MG;00:41:00;PR-DTG - N3;0002-2026;DTA;2026-01-15 00:00:00;BELO HORIZONTE;SANTO ANTONIO DO MONTE;Rafael Neves de Andrade;Ajudante de Ordens do Governador;Gabinete Militar do Governador
Traslado do Exmo. Governador de Minas e Comitiva até as cidades de São Antônio do Monte e Serra da Saudade/MG;00:41:00;PR-DTG - N3;0002-2026;DTA;2026-01-15 00:00:00;BELO HORIZONTE;SANTO ANTONIO DO MONTE;Reynaldo Passanezi Filho;Presidente;Companhia Energética do Estado de Minas Gerais
Traslado do Exmo. Governador de Minas e Comitiva até as cidades de São Antônio do Monte e Serra da Saudade/MG;00:41:00;PR-DTG - N3;0002-2026;DTA;2026-01-15 00:00:00;BELO HORIZONTE;SANTO ANTONIO DO MONTE;Romeu Zema Neto;Governador de Minas Gerais;Secretaria-Geral do Estado de Minas Gerais
Traslado do Exmo. Governador de Minas e Comitiva até as cidades de São Antônio do Monte e Serra da Saudade/MG;00:56:00;PR-DTG - N3;0004-2026;DTA;2026-01-15 00:00:00;SERRA DA SAUDADE;BELO HORIZONTE;Eric da Cruz Gonçalves;Assessor Especial;Secretaria de Estado de Comunicação Social
Traslado do Exmo. Governador de Minas e Comitiva até as cidades de São Antônio do Monte e Serra da Saudade/MG;00:56:00;PR-DTG - N3;0004-2026;DTA;2026-01-15 00:00:00;SERRA DA SAUDADE;BELO HORIZONTE;Greyce de Queiroz Elias;Deputado(a) Estadual;Assembleia Legislativa do Estado de Minas Gerais
Traslado do Exmo. Governador de Minas e Comitiva até as cidades de São Antônio do Monte e Serra da Saudade/MG;00:56:00;PR-DTG - N3;0004-2026;DTA;2026-01-15 00:00:00;SERRA DA SAUDADE;BELO HORIZONTE;Paulo Roberto Bermudes Rezende;Chefe;Gabinete Militar do Governador
Traslado do Exmo. Governador de Minas e Comitiva até as cidades de São Antônio do Monte e Serra da Saudade/MG;00:56:00;PR-DTG - N3;0004-2026;DTA;2026-01-15 00:00:00;SERRA DA SAUDADE;BELO HORIZONTE;Rafael Neves de Andrade;Ajudante de Ordens do Governador;Gabinete Militar do Governador
Traslado do Exmo. Governador de Minas e Comitiva até as cidades de São Antônio do Monte e Serra da Saudade/MG;00:56:00;PR-DTG - N3;0004-2026;DTA;2026-01-15 00:00:00;SERRA DA SAUDADE;BELO HORIZONTE;Reynaldo Passanezi Filho;Presidente;Companhia Energética do Estado de Minas Gerais
Traslado do Exmo. Governador de Minas e Comitiva até as cidades de São Antônio do Monte e Serra da Saudade/MG;00:56:00;PR-DTG - N3;0004-2026;DTA;2026-01-15 00:00:00;SERRA DA SAUDADE;BELO HORIZONTE;Romeu Zema Neto;Governador de Minas Gerais;Secretaria-Geral do Estado de Minas Gerais
Traslado do Exmo. Sr. Governador do Estado de Minas Gerais e comitiva para a cidade de São Paulo/SP.;01:36:00;PP-LCE - PÉGASUS 24;0003-2026;DTA;2026-01-22 00:00:00;BELO HORIZONTE;SAO PAULO;Andreza Gischewski Costa;Assessor Especial;Secretaria-Geral do Estado de Minas Gerais
Traslado do Exmo. Sr. Governador do Estado de Minas Gerais e comitiva para a cidade de São Paulo/SP.;01:36:00;PP-LCE - PÉGASUS 24;0003-2026;DTA;2026-01-22 00:00:00;BELO HORIZONTE;SAO PAULO;Bernardo Assis Fonseca Santos;Secretário de Estado;Secretaria de Estado de Comunicação Social
Traslado do Exmo. Sr. Governador do Estado de Minas Gerais e comitiva para a cidade de São Paulo/SP.;01:36:00;PP-LCE - PÉGASUS 24;0003-2026;DTA;2026-01-22 00:00:00;BELO HORIZONTE;SAO PAULO;Fábio Baccheretti Vitor;Secretário de Estado;Secretaria de Estado de Saúde
Traslado do Exmo. Sr. Governador do Estado de Minas Gerais e comitiva para a cidade de São Paulo/SP.;01:36:00;PP-LCE - PÉGASUS 24;0003-2026;DTA;2026-01-22 00:00:00;BELO HORIZONTE;SAO PAULO;Paulo Vitor Lima de Guimarães Vargas;Redes Sociais;Secretaria de Estado de Comunicação Social
Traslado do Exmo. Sr. Governador do Estado de Minas Gerais e comitiva para a cidade de São Paulo/SP.;01:36:00;PP-LCE - PÉGASUS 24;0003-2026;DTA;2026-01-22 00:00:00;BELO HORIZONTE;SAO PAULO;Rafael Luiz Rebuiti Passos;Assessor de Imprensa;Secretaria de Estado de Comunicação Social
Traslado do Exmo. Sr. Governador do Estado de Minas Gerais e comitiva para a cidade de São Paulo/SP.;01:36:00;PP-LCE - PÉGASUS 24;0003-2026;DTA;2026-01-22 00:00:00;BELO HORIZONTE;SAO PAULO;Rafael Neves de Andrade;Ajudante de Ordens do Governador;Gabinete Militar do Governador
Traslado do Exmo. Sr. Governador do Estado de Minas Gerais e comitiva para a cidade de São Paulo/SP.;01:36:00;PP-LCE - PÉGASUS 24;0003-2026;DTA;2026-01-22 00:00:00;BELO HORIZONTE;SAO PAULO;Romeu Zema Neto;Governador de Minas Gerais;Secretaria-Geral do Estado de Minas Gerais
Traslado do Exmo. Sr. Governador do Estado de Minas Gerais e comitiva para as cidades de São Paulo/SP, Ituiutaba/MG, Uberlândia/MG, Uberaba/MG e Araxá/MG.;02:00:00;PP-EJO - PEGASUS 17;0006-2026;EsAF;2026-01-28 00:00:00;BELO HORIZONTE;SAO PAULO;Alexander Duarte Marinho;Ajudante de Ordens do Governador;Gabinete Militar do Governador
Traslado do Exmo. Sr. Governador do Estado de Minas Gerais e comitiva para as cidades de São Paulo/SP, Ituiutaba/MG, Uberlândia/MG, Uberaba/MG e Araxá/MG.;02:00:00;PP-EJO - PEGASUS 17;0006-2026;EsAF;2026-01-28 00:00:00;BELO HORIZONTE;SAO PAULO;Andreza Gischewski Costa;Assessor Especial;Secretaria-Geral do Estado de Minas Gerais
Traslado do Exmo. Sr. Governador do Estado de Minas Gerais e comitiva para as cidades de São Paulo/SP, Ituiutaba/MG, Uberlândia/MG, Uberaba/MG e Araxá/MG.;02:00:00;PP-EJO - PEGASUS 17;0006-2026;EsAF;2026-01-28 00:00:00;BELO HORIZONTE;SAO PAULO;Bernardo Assis Fonseca Santos;Secretário de Estado;Secretaria de Estado de Comunicação Social
Traslado do Exmo. Sr. Governador do Estado de Minas Gerais e comitiva para as cidades de São Paulo/SP, Ituiutaba/MG, Uberlândia/MG, Uberaba/MG e Araxá/MG.;02:00:00;PP-EJO - PEGASUS 17;0006-2026;EsAF;2026-01-28 00:00:00;BELO HORIZONTE;SAO PAULO;Luiz Cláudio Fernandes Lourenço Gomes;Secretário de Estado;Secretaria de Estado da Fazenda
Traslado do Exmo. Sr. Governador do Estado de Minas Gerais e comitiva para as cidades de São Paulo/SP, Ituiutaba/MG, Uberlândia/MG, Uberaba/MG e Araxá/MG.;02:00:00;PP-EJO - PEGASUS 17;0006-2026;EsAF;2026-01-28 00:00:00;BELO HORIZONTE;SAO PAULO;Mila Batista Leite Corrêa da Costa;Secretário de Estado;Secretaria de Estado de Desenvolvimento Econômico
Traslado do Exmo. Sr. Governador do Estado de Minas Gerais e comitiva para as cidades de São Paulo/SP, Ituiutaba/MG, Uberlândia/MG, Uberaba/MG e Araxá/MG.;02:00:00;PP-EJO - PEGASUS 17;0006-2026;EsAF;2026-01-28 00:00:00;BELO HORIZONTE;SAO PAULO;Paulo Vitor Lima de Guimarães Vargas;Redes Sociais;Secretaria de Estado de Comunicação Social
Traslado do Exmo. Sr. Governador do Estado de Minas Gerais e comitiva para as cidades de São Paulo/SP, Ituiutaba/MG, Uberlândia/MG, Uberaba/MG e Araxá/MG.;02:00:00;PP-EJO - PEGASUS 17;0006-2026;EsAF;2026-01-28 00:00:00;BELO HORIZONTE;SAO PAULO;Romeu Zema Neto;Governador de Minas Gerais;Secretaria-Geral do Estado de Minas Gerais
Traslado do Exmo. Sr. Governador do Estado de Minas Gerais e comitiva para as cidades de São Paulo/SP, Ituiutaba/MG, Uberlândia/MG, Uberaba/MG e Araxá/MG.;01:42:00;PP-EJO - PEGASUS 17;0007-2026;EsAF;2026-01-29 00:00:00;SAO PAULO;ITUIUTABA;Alexander Duarte Marinho;Ajudante de Ordens do Governador;Gabinete Militar do Governador
Traslado do Exmo. Sr. Governador do Estado de Minas Gerais e comitiva para as cidades de São Paulo/SP, Ituiutaba/MG, Uberlândia/MG, Uberaba/MG e Araxá/MG.;01:42:00;PP-EJO - PEGASUS 17;0007-2026;EsAF;2026-01-29 00:00:00;SAO PAULO;ITUIUTABA;Andreza Gischewski Costa;Assessor Especial;Secretaria-Geral do Estado de Minas Gerais
Traslado do Exmo. Sr. Governador do Estado de Minas Gerais e comitiva para as cidades de São Paulo/SP, Ituiutaba/MG, Uberlândia/MG, Uberaba/MG e Araxá/MG.;01:42:00;PP-EJO - PEGASUS 17;0007-2026;EsAF;2026-01-29 00:00:00;SAO PAULO;ITUIUTABA;Leandro Silva Andrade;Diretor Executivo;Instituto de Desenvolvimento Integrado de Minas Gerais- InvestMinas
Traslado do Exmo. Sr. Governador do Estado de Minas Gerais e comitiva para as cidades de São Paulo/SP, Ituiutaba/MG, Uberlândia/MG, Uberaba/MG e Araxá/MG.;01:42:00;PP-EJO - PEGASUS 17;0007-2026;EsAF;2026-01-29 00:00:00;SAO PAULO;ITUIUTABA;Paulo Vitor Lima de Guimarães Vargas;Redes Sociais;Secretaria de Estado de Comunicação Social
Traslado do Exmo. Sr. Governador do Estado de Minas Gerais e comitiva para as cidades de São Paulo/SP, Ituiutaba/MG, Uberlândia/MG, Uberaba/MG e Araxá/MG.;01:42:00;PP-EJO - PEGASUS 17;0007-2026;EsAF;2026-01-29 00:00:00;SAO PAULO;ITUIUTABA;Romeu Zema Neto;Governador de Minas Gerais;Secretaria-Geral do Estado de Minas Gerais
Traslado do Exmo. Sr. Governador do Estado de Minas Gerais e comitiva para as cidades de São Paulo/SP, Ituiutaba/MG, Uberlândia/MG, Uberaba/MG e Araxá/MG.;00:42:00;PP-EJO - PEGASUS 17;0008-2026;EsAF;2026-01-29 00:00:00;ITUIUTABA;UBERLANDIA;Alexander Duarte Marinho;Ajudante de Ordens do Governador;Gabinete Militar do Governador
Traslado do Exmo. Sr. Governador do Estado de Minas Gerais e comitiva para as cidades de São Paulo/SP, Ituiutaba/MG, Uberlândia/MG, Uberaba/MG e Araxá/MG.;00:42:00;PP-EJO - PEGASUS 17;0008-2026;EsAF;2026-01-29 00:00:00;ITUIUTABA;UBERLANDIA;Andreza Gischewski Costa;Assessor Especial;Secretaria-Geral do Estado de Minas Gerais
Traslado do Exmo. Sr. Governador do Estado de Minas Gerais e comitiva para as cidades de São Paulo/SP, Ituiutaba/MG, Uberlândia/MG, Uberaba/MG e Araxá/MG.;00:42:00;PP-EJO - PEGASUS 17;0008-2026;EsAF;2026-01-29 00:00:00;ITUIUTABA;UBERLANDIA;Cristiano Pereira Machado;Fotógrafo;Secretaria de Estado de Comunicação Social
Traslado do Exmo. Sr. Governador do Estado de Minas Gerais e comitiva para as cidades de São Paulo/SP, Ituiutaba/MG, Uberlândia/MG, Uberaba/MG e Araxá/MG.;00:42:00;PP-EJO - PEGASUS 17;0008-2026;EsAF;2026-01-29 00:00:00;ITUIUTABA;UBERLANDIA;Diego José Arantes Salomé Gonçalves Leite;Assessor Especial;Secretaria de Estado de Governo
Traslado do Exmo. Sr. Governador do Estado de Minas Gerais e comitiva para as cidades de São Paulo/SP, Ituiutaba/MG, Uberlândia/MG, Uberaba/MG e Araxá/MG.;00:42:00;PP-EJO - PEGASUS 17;0008-2026;EsAF;2026-01-29 00:00:00;ITUIUTABA;UBERLANDIA;Leandro Silva Andrade;Diretor Executivo;Instituto de Desenvolvimento Integrado de Minas Gerais- InvestMinas
Traslado do Exmo. Sr. Governador do Estado de Minas Gerais e comitiva para as cidades de São Paulo/SP, Ituiutaba/MG, Uberlândia/MG, Uberaba/MG e Araxá/MG.;00:42:00;PP-EJO - PEGASUS 17;0008-2026;EsAF;2026-01-29 00:00:00;ITUIUTABA;UBERLANDIA;Paulo Vitor Lima de Guimarães Vargas;Redes Sociais;Secretaria de Estado de Comunicação Social
Traslado do Exmo. Sr. Governador do Estado de Minas Gerais e comitiva para as cidades de São Paulo/SP, Ituiutaba/MG, Uberlândia/MG, Uberaba/MG e Araxá/MG.;00:42:00;PP-EJO - PEGASUS 17;0008-2026;EsAF;2026-01-29 00:00:00;ITUIUTABA;UBERLANDIA;Romeu Zema Neto;Governador de Minas Gerais;Secretaria-Geral do Estado de Minas Gerais
Traslado do Exmo. Sr. Governador do Estado de Minas Gerais e comitiva para as cidades de São Paulo/SP, Ituiutaba/MG, Uberlândia/MG, Uberaba/MG e Araxá/MG.;00:42:00;PP-EJO - PEGASUS 17;0009-2026;EsAF;2026-01-29 00:00:00;UBERLANDIA;UBERABA;Alexander Duarte Marinho;Ajudante de Ordens do Governador;Gabinete Militar do Governador
Traslado do Exmo. Sr. Governador do Estado de Minas Gerais e comitiva para as cidades de São Paulo/SP, Ituiutaba/MG, Uberlândia/MG, Uberaba/MG e Araxá/MG.;00:42:00;PP-EJO - PEGASUS 17;0009-2026;EsAF;2026-01-29 00:00:00;UBERLANDIA;UBERABA;Andreza Gischewski Costa;Assessor Especial;Secretaria-Geral do Estado de Minas Gerais
Traslado do Exmo. Sr. Governador do Estado de Minas Gerais e comitiva para as cidades de São Paulo/SP, Ituiutaba/MG, Uberlândia/MG, Uberaba/MG e Araxá/MG.;00:42:00;PP-EJO - PEGASUS 17;0009-2026;EsAF;2026-01-29 00:00:00;UBERLANDIA;UBERABA;Cristiano Pereira Machado;Fotógrafo;Secretaria de Estado de Comunicação Social
Traslado do Exmo. Sr. Governador do Estado de Minas Gerais e comitiva para as cidades de São Paulo/SP, Ituiutaba/MG, Uberlândia/MG, Uberaba/MG e Araxá/MG.;00:42:00;PP-EJO - PEGASUS 17;0009-2026;EsAF;2026-01-29 00:00:00;UBERLANDIA;UBERABA;Diego José Arantes Salomé Gonçalves Leite;Assessor Especial;Secretaria de Estado de Governo
Traslado do Exmo. Sr. Governador do Estado de Minas Gerais e comitiva para as cidades de São Paulo/SP, Ituiutaba/MG, Uberlândia/MG, Uberaba/MG e Araxá/MG.;00:42:00;PP-EJO - PEGASUS 17;0009-2026;EsAF;2026-01-29 00:00:00;UBERLANDIA;UBERABA;Paulo Vitor Lima de Guimarães Vargas;Redes Sociais;Secretaria de Estado de Comunicação Social
Traslado do Exmo. Sr. Governador do Estado de Minas Gerais e comitiva para as cidades de São Paulo/SP, Ituiutaba/MG, Uberlândia/MG, Uberaba/MG e Araxá/MG.;00:42:00;PP-EJO - PEGASUS 17;0009-2026;EsAF;2026-01-29 00:00:00;UBERLANDIA;UBERABA;Romeu Zema Neto;Governador de Minas Gerais;Secretaria-Geral do Estado de Minas Gerais
Traslado do Exmo. Sr. Governador do Estado de Minas Gerais e comitiva para as cidades de São Paulo/SP, Ituiutaba/MG, Uberlândia/MG, Uberaba/MG e Araxá/MG.;00:36:00;PP-EJO - PEGASUS 17;0010-2026;EsAF;2026-01-29 00:00:00;UBERABA;ARAXA;Alexander Duarte Marinho;Ajudante de Ordens do Governador;Gabinete Militar do Governador
Traslado do Exmo. Sr. Governador do Estado de Minas Gerais e comitiva para as cidades de São Paulo/SP, Ituiutaba/MG, Uberlândia/MG, Uberaba/MG e Araxá/MG.;00:36:00;PP-EJO - PEGASUS 17;0010-2026;EsAF;2026-01-29 00:00:00;UBERABA;ARAXA;Andreza Gischewski Costa;Assessor Especial;Secretaria-Geral do Estado de Minas Gerais
Traslado do Exmo. Sr. Governador do Estado de Minas Gerais e comitiva para as cidades de São Paulo/SP, Ituiutaba/MG, Uberlândia/MG, Uberaba/MG e Araxá/MG.;00:36:00;PP-EJO - PEGASUS 17;0010-2026;EsAF;2026-01-29 00:00:00;UBERABA;ARAXA;Cristiano Pereira Machado;Fotógrafo;Secretaria de Estado de Comunicação Social
Traslado do Exmo. Sr. Governador do Estado de Minas Gerais e comitiva para as cidades de São Paulo/SP, Ituiutaba/MG, Uberlândia/MG, Uberaba/MG e Araxá/MG.;00:36:00;PP-EJO - PEGASUS 17;0010-2026;EsAF;2026-01-29 00:00:00;UBERABA;ARAXA;Diego José Arantes Salomé Gonçalves Leite;Assessor Especial;Secretaria de Estado de Governo
Traslado do Exmo. Sr. Governador do Estado de Minas Gerais e comitiva para as cidades de São Paulo/SP, Ituiutaba/MG, Uberlândia/MG, Uberaba/MG e Araxá/MG.;00:36:00;PP-EJO - PEGASUS 17;0010-2026;EsAF;2026-01-29 00:00:00;UBERABA;ARAXA;Paulo Vitor Lima de Guimarães Vargas;Redes Sociais;Secretaria de Estado de Comunicação Social
Traslado do Exmo. Sr. Governador do Estado de Minas Gerais e comitiva para as cidades de São Paulo/SP, Ituiutaba/MG, Uberlândia/MG, Uberaba/MG e Araxá/MG.;00:36:00;PP-EJO - PEGASUS 17;0010-2026;EsAF;2026-01-29 00:00:00;UBERABA;ARAXA;Romeu Zema Neto;Governador de Minas Gerais;Secretaria-Geral do Estado de Minas Gerais
Traslado do Exmo. Sr. Governador do Estado de Minas Gerais e comitiva para as cidade de Brasília/DF.;01:48:00;PP-LCE - PÉGASUS 24;0009-2026;DTA;2026-02-03 00:00:00;BELO HORIZONTE;BRASILIA;Bernardo Assis Fonseca Santos;Secretário de Estado;Secretaria de Estado de Comunicação Social
Traslado do Exmo. Sr. Governador do Estado de Minas Gerais e comitiva para as cidade de Brasília/DF.;01:48:00;PP-LCE - PÉGASUS 24;0009-2026;DTA;2026-02-03 00:00:00;BELO HORIZONTE;BRASILIA;Eric da Cruz Gonçalves;Assessor Especial;Secretaria de Estado de Comunicação Social
Traslado do Exmo. Sr. Governador do Estado de Minas Gerais e comitiva para as cidade de Brasília/DF.;01:48:00;PP-LCE - PÉGASUS 24;0009-2026;DTA;2026-02-03 00:00:00;BELO HORIZONTE;BRASILIA;Paulo Vitor Lima de Guimarães Vargas;Redes Sociais;Secretaria de Estado de Comunicação Social
Traslado do Exmo. Sr. Governador do Estado de Minas Gerais e comitiva para as cidade de Brasília/DF.;01:48:00;PP-LCE - PÉGASUS 24;0009-2026;DTA;2026-02-03 00:00:00;BELO HORIZONTE;BRASILIA;Pedro Bruno Barros de Souza;Secretário de Estado;Secretaria de Estado de Infraestrutura e Mobilidade
Traslado do Exmo. Sr. Governador do Estado de Minas Gerais e comitiva para as cidade de Brasília/DF.;01:48:00;PP-LCE - PÉGASUS 24;0009-2026;DTA;2026-02-03 00:00:00;BELO HORIZONTE;BRASILIA;Rafael Luiz Rebuiti Passos;Assessor de Imprensa;Secretaria de Estado de Comunicação Social
Traslado do Exmo. Sr. Governador do Estado de Minas Gerais e comitiva para as cidade de Brasília/DF.;01:48:00;PP-LCE - PÉGASUS 24;0009-2026;DTA;2026-02-03 00:00:00;BELO HORIZONTE;BRASILIA;Rafael Neves de Andrade;Ajudante de Ordens do Governador;Gabinete Militar do Governador
Traslado do Exmo. Sr. Governador do Estado de Minas Gerais e comitiva para as cidade de Brasília/DF.;01:48:00;PP-LCE - PÉGASUS 24;0009-2026;DTA;2026-02-03 00:00:00;BELO HORIZONTE;BRASILIA;Romeu Zema Neto;Governador de Minas Gerais;Secretaria-Geral do Estado de Minas Gerais
Traslado do Exmo. Sr. Governador do Estado de Minas Gerais e comitiva para as cidade de Brasília/DF.;01:30:00;PP-LCE - PÉGASUS 24;0010-2026;DTA;2026-02-03 00:00:00;BRASILIA;BELO HORIZONTE;Eric da Cruz Gonçalves;Assessor Especial;Secretaria de Estado de Comunicação Social
Traslado do Exmo. Sr. Governador do Estado de Minas Gerais e comitiva para as cidade de Brasília/DF.;01:30:00;PP-LCE - PÉGASUS 24;0010-2026;DTA;2026-02-03 00:00:00;BRASILIA;BELO HORIZONTE;Paulo Vitor Lima de Guimarães Vargas;Redes Sociais;Secretaria de Estado de Comunicação Social
Traslado do Exmo. Sr. Governador do Estado de Minas Gerais e comitiva para as cidade de Brasília/DF.;01:30:00;PP-LCE - PÉGASUS 24;0010-2026;DTA;2026-02-03 00:00:00;BRASILIA;BELO HORIZONTE;Pedro Bruno Barros de Souza;Secretário de Estado;Secretaria de Estado de Infraestrutura e Mobilidade
Traslado do Exmo. Sr. Governador do Estado de Minas Gerais e comitiva para as cidade de Brasília/DF.;01:30:00;PP-LCE - PÉGASUS 24;0010-2026;DTA;2026-02-03 00:00:00;BRASILIA;BELO HORIZONTE;Rafael Luiz Rebuiti Passos;Assessor de Imprensa;Secretaria de Estado de Comunicação Social
Traslado do Exmo. Sr. Governador do Estado de Minas Gerais e comitiva para as cidade de Brasília/DF.;01:30:00;PP-LCE - PÉGASUS 24;0010-2026;DTA;2026-02-03 00:00:00;BRASILIA;BELO HORIZONTE;Rafael Neves de Andrade;Ajudante de Ordens do Governador;Gabinete Militar do Governador
Traslado do Exmo. Sr. Governador do Estado de Minas Gerais e comitiva para as cidade de Brasília/DF.;01:30:00;PP-LCE - PÉGASUS 24;0010-2026;DTA;2026-02-03 00:00:00;BRASILIA;BELO HORIZONTE;Romeu Zema Neto;Governador de Minas Gerais;Secretaria-Geral do Estado de Minas Gerais
Traslado do Exmo sr. Governador do Estado de Minas Gerais e comitiva para a cidade de São João del-Rei/MG.;00:36:00;PP-LCE - PÉGASUS 24;0011-2026;DTA;2026-02-05 00:00:00;BELO HORIZONTE;SAO JOAO DEL REI;CARLOS FREDERICO OTONI GARCIA;Comandante-Geral;Polícia Militar do Estado de Minas Gerais
Traslado do Exmo sr. Governador do Estado de Minas Gerais e comitiva para a cidade de São João del-Rei/MG.;00:36:00;PP-LCE - PÉGASUS 24;0011-2026;DTA;2026-02-05 00:00:00;BELO HORIZONTE;SAO JOAO DEL REI;Eric da Cruz Gonçalves;Assessor Especial;Secretaria de Estado de Comunicação Social
Traslado do Exmo sr. Governador do Estado de Minas Gerais e comitiva para a cidade de São João del-Rei/MG.;00:36:00;PP-LCE - PÉGASUS 24;0011-2026;DTA;2026-02-05 00:00:00;BELO HORIZONTE;SAO JOAO DEL REI;Paulo Roberto Bermudes Rezende;Chefe;Gabinete Militar do Governador
Traslado do Exmo sr. Governador do Estado de Minas Gerais e comitiva para a cidade de São João del-Rei/MG.;00:36:00;PP-LCE - PÉGASUS 24;0011-2026;DTA;2026-02-05 00:00:00;BELO HORIZONTE;SAO JOAO DEL REI;Rafael Neves de Andrade;Ajudante de Ordens do Governador;Gabinete Militar do Governador
Traslado do Exmo sr. Governador do Estado de Minas Gerais e comitiva para a cidade de São João del-Rei/MG.;00:36:00;PP-LCE - PÉGASUS 24;0011-2026;DTA;2026-02-05 00:00:00;BELO HORIZONTE;SAO JOAO DEL REI;Romeu Zema Neto;Governador de Minas Gerais;Secretaria-Geral do Estado de Minas Gerais
Traslado do Exmo sr. Governador do Estado de Minas Gerais e comitiva para a cidade de São João del-Rei/MG.;00:36:00;PP-LCE - PÉGASUS 24;0011-2026;DTA;2026-02-05 00:00:00;BELO HORIZONTE;SAO JOAO DEL REI;Rossieli Soares da Silva;Secretário de Estado;Secretaria de Estado de Educação
Traslado do Exmo sr. Governador do Estado de Minas Gerais e comitiva para a cidade de São João del-Rei/MG.;00:36:00;PP-LCE - PÉGASUS 24;0011-2026;DTA;2026-02-05 00:00:00;BELO HORIZONTE;SAO JOAO DEL REI;Rubens Gonçalves de Brito;Deputado(a) Estadual;Assembleia Legislativa do Estado de Minas Gerais
Traslado do Exmo. Governador de Minas e Comitiva até as cidades de Divinópolis, Oliveira, Governador Valadares, Ipatinga e Montes Claros/MG.;00:42:00;PP-EJO - PEGASUS 17;0018-2026;EsAF;2026-02-10 00:00:00;BELO HORIZONTE;DIVINOPOLIS;Alexander Duarte Marinho;Ajudante de Ordens do Governador;Gabinete Militar do Governador
Traslado do Exmo. Governador de Minas e Comitiva até as cidades de Divinópolis, Oliveira, Governador Valadares, Ipatinga e Montes Claros/MG.;00:42:00;PP-EJO - PEGASUS 17;0018-2026;EsAF;2026-02-10 00:00:00;BELO HORIZONTE;DIVINOPOLIS;Ana Carolina Pinto Caram Guimarães;Deputado(a) Estadual;Assembleia Legislativa do Estado de Minas Gerais
Traslado do Exmo. Governador de Minas e Comitiva até as cidades de Divinópolis, Oliveira, Governador Valadares, Ipatinga e Montes Claros/MG.;00:42:00;PP-EJO - PEGASUS 17;0018-2026;EsAF;2026-02-10 00:00:00;BELO HORIZONTE;DIVINOPOLIS;Andreza Gischewski Costa;Assessor Especial;Secretaria-Geral do Estado de Minas Gerais
Traslado do Exmo. Governador de Minas e Comitiva até as cidades de Divinópolis, Oliveira, Governador Valadares, Ipatinga e Montes Claros/MG.;00:42:00;PP-EJO - PEGASUS 17;0018-2026;EsAF;2026-02-10 00:00:00;BELO HORIZONTE;DIVINOPOLIS;Fábio Baccheretti Vitor;Secretário de Estado;Secretaria de Estado de Saúde
Traslado do Exmo. Governador de Minas e Comitiva até as cidades de Divinópolis, Oliveira, Governador Valadares, Ipatinga e Montes Claros/MG.;00:42:00;PP-EJO - PEGASUS 17;0018-2026;EsAF;2026-02-10 00:00:00;BELO HORIZONTE;DIVINOPOLIS;Paulo Roberto Bermudes Rezende;Chefe;Gabinete Militar do Governador
Traslado do Exmo. Governador de Minas e Comitiva até as cidades de Divinópolis, Oliveira, Governador Valadares, Ipatinga e Montes Claros/MG.;00:42:00;PP-EJO - PEGASUS 17;0018-2026;EsAF;2026-02-10 00:00:00;BELO HORIZONTE;DIVINOPOLIS;Romeu Zema Neto;Governador de Minas Gerais;Secretaria-Geral do Estado de Minas Gerais
Traslado do Exmo. Governador de Minas e Comitiva até as cidades de Divinópolis, Oliveira, Governador Valadares, Ipatinga e Montes Claros/MG.;00:42:00;PP-EJO - PEGASUS 17;0018-2026;EsAF;2026-02-10 00:00:00;BELO HORIZONTE;DIVINOPOLIS;Rubens Gonçalves de Brito;Deputado(a) Estadual;Assembleia Legislativa do Estado de Minas Gerais
Traslado do Exmo. Governador de Minas e Comitiva até as cidades de Divinópolis, Oliveira, Governador Valadares, Ipatinga e Montes Claros/MG.;00:18:00;PP-EJO - PEGASUS 17;0019-2026;EsAF;2026-02-10 00:00:00;DIVINOPOLIS;OLIVEIRA;Adelino Bento Júnior;3º Sgt PM;Gabinete Militar do Governador
Traslado do Exmo. Governador de Minas e Comitiva até as cidades de Divinópolis, Oliveira, Governador Valadares, Ipatinga e Montes Claros/MG.;00:18:00;PP-EJO - PEGASUS 17;0019-2026;EsAF;2026-02-10 00:00:00;DIVINOPOLIS;OLIVEIRA;Alexander Duarte Marinho;Ajudante de Ordens do Governador;Gabinete Militar do Governador
Traslado do Exmo. Governador de Minas e Comitiva até as cidades de Divinópolis, Oliveira, Governador Valadares, Ipatinga e Montes Claros/MG.;00:18:00;PP-EJO - PEGASUS 17;0019-2026;EsAF;2026-02-10 00:00:00;DIVINOPOLIS;OLIVEIRA;Andreza Gischewski Costa;Assessor Especial;Secretaria-Geral do Estado de Minas Gerais
Traslado do Exmo. Governador de Minas e Comitiva até as cidades de Divinópolis, Oliveira, Governador Valadares, Ipatinga e Montes Claros/MG.;00:18:00;PP-EJO - PEGASUS 17;0019-2026;EsAF;2026-02-10 00:00:00;DIVINOPOLIS;OLIVEIRA;Glauber Pereira Vitor;Cerimonial;Secretaria-Geral do Estado de Minas Gerais
Traslado do Exmo. Governador de Minas e Comitiva até as cidades de Divinópolis, Oliveira, Governador Valadares, Ipatinga e Montes Claros/MG.;00:18:00;PP-EJO - PEGASUS 17;0019-2026;EsAF;2026-02-10 00:00:00;DIVINOPOLIS;OLIVEIRA;Romeu Zema Neto;Governador de Minas Gerais;Secretaria-Geral do Estado de Minas Gerais
Traslado do Exmo. Governador de Minas e Comitiva até as cidades de Divinópolis, Oliveira, Governador Valadares, Ipatinga e Montes Claros/MG.;01:00:00;PP-EJO - PEGASUS 17;0020-2026;EsAF;2026-02-10 00:00:00;OLIVEIRA;GOVERNADOR VALADARES;Alexander Duarte Marinho;Ajudante de Ordens do Governador;Gabinete Militar do Governador
Traslado do Exmo. Governador de Minas e Comitiva até as cidades de Divinópolis, Oliveira, Governador Valadares, Ipatinga e Montes Claros/MG.;01:00:00;PP-EJO - PEGASUS 17;0020-2026;EsAF;2026-02-10 00:00:00;OLIVEIRA;GOVERNADOR VALADARES;Andreza Gischewski Costa;Assessor Especial;Secretaria-Geral do Estado de Minas Gerais
Traslado do Exmo. Governador de Minas e Comitiva até as cidades de Divinópolis, Oliveira, Governador Valadares, Ipatinga e Montes Claros/MG.;01:00:00;PP-EJO - PEGASUS 17;0020-2026;EsAF;2026-02-10 00:00:00;OLIVEIRA;GOVERNADOR VALADARES;Glauber Pereira Vitor;Cerimonial;Secretaria-Geral do Estado de Minas Gerais
Traslado do Exmo. Governador de Minas e Comitiva até as cidades de Divinópolis, Oliveira, Governador Valadares, Ipatinga e Montes Claros/MG.;01:00:00;PP-EJO - PEGASUS 17;0020-2026;EsAF;2026-02-10 00:00:00;OLIVEIRA;GOVERNADOR VALADARES;Romeu Zema Neto;Governador de Minas Gerais;Secretaria-Geral do Estado de Minas Gerais
Traslado do Exmo. Governador de Minas e Comitiva até as cidades de Divinópolis, Oliveira, Governador Valadares, Ipatinga e Montes Claros/MG.;01:00:00;PP-EJO - PEGASUS 17;0022-2026;EsAF;2026-02-11 00:00:00;IPATINGA;MONTES CLAROS;Alexander Duarte Marinho;Ajudante de Ordens do Governador;Gabinete Militar do Governador
Traslado do Exmo. Governador de Minas e Comitiva até as cidades de Divinópolis, Oliveira, Governador Valadares, Ipatinga e Montes Claros/MG.;01:00:00;PP-EJO - PEGASUS 17;0022-2026;EsAF;2026-02-11 00:00:00;IPATINGA;MONTES CLAROS;Andreza Gischewski Costa;Assessor Especial;Secretaria-Geral do Estado de Minas Gerais
Traslado do Exmo. Governador de Minas e Comitiva até as cidades de Divinópolis, Oliveira, Governador Valadares, Ipatinga e Montes Claros/MG.;01:00:00;PP-EJO - PEGASUS 17;0022-2026;EsAF;2026-02-11 00:00:00;IPATINGA;MONTES CLAROS;Romeu Zema Neto;Governador de Minas Gerais;Secretaria-Geral do Estado de Minas Gerais
Traslado do Exmo. Governador de Minas e Comitiva até as cidades de Divinópolis, Oliveira, Governador Valadares, Ipatinga e Montes Claros/MG.;01:12:00;PP-EJO - PEGASUS 17;0023-2026;EsAF;2026-02-12 00:00:00;MONTES CLAROS;BELO HORIZONTE;Alexander Duarte Marinho;Ajudante de Ordens do Governador;Gabinete Militar do Governador
Traslado do Exmo. Governador de Minas e Comitiva até as cidades de Divinópolis, Oliveira, Governador Valadares, Ipatinga e Montes Claros/MG.;01:12:00;PP-EJO - PEGASUS 17;0023-2026;EsAF;2026-02-12 00:00:00;MONTES CLAROS;BELO HORIZONTE;Aline Brandão Silva;Subsecretária;Secretaria de Estado de Governo
Traslado do Exmo. Governador de Minas e Comitiva até as cidades de Divinópolis, Oliveira, Governador Valadares, Ipatinga e Montes Claros/MG.;01:12:00;PP-EJO - PEGASUS 17;0023-2026;EsAF;2026-02-12 00:00:00;MONTES CLAROS;BELO HORIZONTE;Andreza Gischewski Costa;Assessor Especial;Secretaria-Geral do Estado de Minas Gerais
Traslado do Exmo. Governador de Minas e Comitiva até as cidades de Divinópolis, Oliveira, Governador Valadares, Ipatinga e Montes Claros/MG.;01:12:00;PP-EJO - PEGASUS 17;0023-2026;EsAF;2026-02-12 00:00:00;MONTES CLAROS;BELO HORIZONTE;Cristiano Pereira Machado;Fotógrafo;Secretaria de Estado de Comunicação Social
Traslado do Exmo. Governador de Minas e Comitiva até as cidades de Divinópolis, Oliveira, Governador Valadares, Ipatinga e Montes Claros/MG.;01:12:00;PP-EJO - PEGASUS 17;0023-2026;EsAF;2026-02-12 00:00:00;MONTES CLAROS;BELO HORIZONTE;Igor Augusto Tinoco da Silva;Imprensa;Secretaria de Estado de Governo
Traslado do Exmo. Governador de Minas e Comitiva até as cidades de Divinópolis, Oliveira, Governador Valadares, Ipatinga e Montes Claros/MG.;01:12:00;PP-EJO - PEGASUS 17;0023-2026;EsAF;2026-02-12 00:00:00;MONTES CLAROS;BELO HORIZONTE;Romeu Zema Neto;Governador de Minas Gerais;Secretaria-Geral do Estado de Minas Gerais
Traslado do Exmo. Governador de Minas e comitiva para as cidades de Paracatu/MG, Unaí/MG e Brasília/DF;01:10:00;PP-LCE - PÉGASUS 24;0029-2026;DTA;2026-02-23 00:00:00;BELO HORIZONTE;PARACATU;Alexander Duarte Marinho;Ajudante de Ordens do Governador;Gabinete Militar do Governador
Traslado do Exmo. Governador de Minas e comitiva para as cidades de Paracatu/MG, Unaí/MG e Brasília/DF;01:10:00;PP-LCE - PÉGASUS 24;0029-2026;DTA;2026-02-23 00:00:00;BELO HORIZONTE;PARACATU;Bernardo Assis Fonseca Santos;Secretário de Estado;Secretaria de Estado de Comunicação Social
Traslado do Exmo. Governador de Minas e comitiva para as cidades de Paracatu/MG, Unaí/MG e Brasília/DF;01:10:00;PP-LCE - PÉGASUS 24;0029-2026;DTA;2026-02-23 00:00:00;BELO HORIZONTE;PARACATU;Eric da Cruz Gonçalves;Assessor Especial;Secretaria de Estado de Comunicação Social
Traslado do Exmo. Governador de Minas e comitiva para as cidades de Paracatu/MG, Unaí/MG e Brasília/DF;01:10:00;PP-LCE - PÉGASUS 24;0029-2026;DTA;2026-02-23 00:00:00;BELO HORIZONTE;PARACATU;Letícia Baptista Gamboge Reis;Delegada-Geral;Polícia Civil do Estado de Minas Gerais
Traslado do Exmo. Governador de Minas e comitiva para as cidades de Paracatu/MG, Unaí/MG e Brasília/DF;01:10:00;PP-LCE - PÉGASUS 24;0029-2026;DTA;2026-02-23 00:00:00;BELO HORIZONTE;PARACATU;Paulo Vitor Lima de Guimarães Vargas;Redes Sociais;Secretaria de Estado de Comunicação Social
Traslado do Exmo. Governador de Minas e comitiva para as cidades de Paracatu/MG, Unaí/MG e Brasília/DF;01:10:00;PP-LCE - PÉGASUS 24;0029-2026;DTA;2026-02-23 00:00:00;BELO HORIZONTE;PARACATU;Romeu Zema Neto;Governador de Minas Gerais;Secretaria-Geral do Estado de Minas Gerais
Traslado do Exmo. Governador de Minas e comitiva para as cidades de Paracatu/MG, Unaí/MG e Brasília/DF;01:54:00;PP-LCE - PÉGASUS 24;0031-2026;DTA;2026-02-24 00:00:00;BRASILIA;JUIZ DE FORA;Alexander Duarte Marinho;Ajudante de Ordens do Governador;Gabinete Militar do Governador
Traslado do Exmo. Governador de Minas e comitiva para as cidades de Paracatu/MG, Unaí/MG e Brasília/DF;01:54:00;PP-LCE - PÉGASUS 24;0031-2026;DTA;2026-02-24 00:00:00;BRASILIA;JUIZ DE FORA;Bernardo Assis Fonseca Santos;Secretário de Estado;Secretaria de Estado de Comunicação Social
Traslado do Exmo. Governador de Minas e comitiva para as cidades de Paracatu/MG, Unaí/MG e Brasília/DF;01:54:00;PP-LCE - PÉGASUS 24;0031-2026;DTA;2026-02-24 00:00:00;BRASILIA;JUIZ DE FORA;Eric da Cruz Gonçalves;Assessor Especial;Secretaria de Estado de Comunicação Social
Traslado do Exmo. Governador de Minas e comitiva para as cidades de Paracatu/MG, Unaí/MG e Brasília/DF;01:54:00;PP-LCE - PÉGASUS 24;0031-2026;DTA;2026-02-24 00:00:00;BRASILIA;JUIZ DE FORA;Igor Augusto Tinoco da Silva;Imprensa;Secretaria de Estado de Comunicação Social
Traslado do Exmo. Governador de Minas e comitiva para as cidades de Paracatu/MG, Unaí/MG e Brasília/DF;01:54:00;PP-LCE - PÉGASUS 24;0031-2026;DTA;2026-02-24 00:00:00;BRASILIA;JUIZ DE FORA;Paulo Vitor Lima de Guimarães Vargas;Redes Sociais;Secretaria de Estado de Comunicação Social
Traslado do Exmo. Governador de Minas e comitiva para as cidades de Paracatu/MG, Unaí/MG e Brasília/DF;01:54:00;PP-LCE - PÉGASUS 24;0031-2026;DTA;2026-02-24 00:00:00;BRASILIA;JUIZ DE FORA;Romeu Zema Neto;Governador de Minas Gerais;Secretaria-Geral do Estado de Minas Gerais
Traslado do Exmo Governador de Minas Gerais de Juiz de Fora até a cidade de Ubá. E1: 374,6 E2: 184,0 F1: 172,3 F2: 533,7;00:37:00;PR-DTG - N3;0018-2026;DTA;2026-02-25 00:00:00;JUIZ DE FORA;UBA;Alexander Duarte Marinho;Ajudante de Ordens do Governador;Gabinete Militar do Governador
Traslado do Exmo Governador de Minas Gerais de Juiz de Fora até a cidade de Ubá. E1: 374,6 E2: 184,0 F1: 172,3 F2: 533,7;00:37:00;PR-DTG - N3;0018-2026;DTA;2026-02-25 00:00:00;JUIZ DE FORA;UBA;Eric da Cruz Gonçalves;Assessor Especial;Secretaria de Estado de Comunicação Social
Traslado do Exmo Governador de Minas Gerais de Juiz de Fora até a cidade de Ubá. E1: 374,6 E2: 184,0 F1: 172,3 F2: 533,7;00:37:00;PR-DTG - N3;0018-2026;DTA;2026-02-25 00:00:00;JUIZ DE FORA;UBA;Jordana de Oliveira Filgueiras Daldegan;Comandante-Geral;Corpo de Bombeiros do Estado de Minas Gerais
Traslado do Exmo Governador de Minas Gerais de Juiz de Fora até a cidade de Ubá. E1: 374,6 E2: 184,0 F1: 172,3 F2: 533,7;00:37:00;PR-DTG - N3;0018-2026;DTA;2026-02-25 00:00:00;JUIZ DE FORA;UBA;Lucas Pinto Simões;Imprensa;Secretaria de Estado de Comunicação Social
Traslado do Exmo Governador de Minas Gerais de Juiz de Fora até a cidade de Ubá. E1: 374,6 E2: 184,0 F1: 172,3 F2: 533,7;00:37:00;PR-DTG - N3;0018-2026;DTA;2026-02-25 00:00:00;JUIZ DE FORA;UBA;Paulo Roberto Bermudes Rezende;Chefe;Gabinete Militar do Governador
Traslado do Exmo Governador de Minas Gerais de Juiz de Fora até a cidade de Ubá. E1: 374,6 E2: 184,0 F1: 172,3 F2: 533,7;00:37:00;PR-DTG - N3;0018-2026;DTA;2026-02-25 00:00:00;JUIZ DE FORA;UBA;Romeu Zema Neto;Governador de Minas Gerais;Secretaria-Geral do Estado de Minas Gerais
Traslado do Exmo Governador de Minas Gerais de Juiz de Fora até a cidade de Ubá. E1: 375,5 E2: 184,8 F1: 172,6 F2: 534,1;00:18:00;PR-DTG - N3;0019-2026;DTA;2026-02-25 00:00:00;UBA;GOIANA;Alexander Duarte Marinho;Ajudante de Ordens do Governador;Gabinete Militar do Governador
Traslado do Exmo Governador de Minas Gerais de Juiz de Fora até a cidade de Ubá. E1: 375,5 E2: 184,8 F1: 172,6 F2: 534,1;00:18:00;PR-DTG - N3;0019-2026;DTA;2026-02-25 00:00:00;UBA;GOIANA;Eric da Cruz Gonçalves;Assessor Especial;Secretaria de Estado de Comunicação Social
Traslado do Exmo Governador de Minas Gerais de Juiz de Fora até a cidade de Ubá. E1: 375,5 E2: 184,8 F1: 172,6 F2: 534,1;00:18:00;PR-DTG - N3;0019-2026;DTA;2026-02-25 00:00:00;UBA;GOIANA;Jordana de Oliveira Filgueiras Daldegan;Comandante-Geral;Corpo de Bombeiros do Estado de Minas Gerais
Traslado do Exmo Governador de Minas Gerais de Juiz de Fora até a cidade de Ubá. E1: 375,5 E2: 184,8 F1: 172,6 F2: 534,1;00:18:00;PR-DTG - N3;0019-2026;DTA;2026-02-25 00:00:00;UBA;GOIANA;Lucas Pinto Simões;Imprensa;Secretaria de Estado de Comunicação Social
Traslado do Exmo Governador de Minas Gerais de Juiz de Fora até a cidade de Ubá. E1: 375,5 E2: 184,8 F1: 172,6 F2: 534,1;00:18:00;PR-DTG - N3;0019-2026;DTA;2026-02-25 00:00:00;UBA;GOIANA;Paulo Roberto Bermudes Rezende;Chefe;Gabinete Militar do Governador
Traslado do Exmo Governador de Minas Gerais de Juiz de Fora até a cidade de Ubá. E1: 375,5 E2: 184,8 F1: 172,6 F2: 534,1;00:18:00;PR-DTG - N3;0019-2026;DTA;2026-02-25 00:00:00;UBA;GOIANA;Romeu Zema Neto;Governador de Minas Gerais;Secretaria-Geral do Estado de Minas Gerais
Traslado do Exmo. Governador de Minas e comitiva para as cidades de Paracatu/MG, Unaí/MG e Brasília/DF;00:42:00;PP-LCE - PÉGASUS 24;0033-2026;DTA;2026-02-25 00:00:00;GOIANA;BELO HORIZONTE;Alexander Duarte Marinho;Ajudante de Ordens do Governador;Gabinete Militar do Governador
Traslado do Exmo. Governador de Minas e comitiva para as cidades de Paracatu/MG, Unaí/MG e Brasília/DF;00:42:00;PP-LCE - PÉGASUS 24;0033-2026;DTA;2026-02-25 00:00:00;GOIANA;BELO HORIZONTE;Bernardo Assis Fonseca Santos;Secretário de Estado;Secretaria de Estado de Comunicação Social
Traslado do Exmo. Governador de Minas e comitiva para as cidades de Paracatu/MG, Unaí/MG e Brasília/DF;00:42:00;PP-LCE - PÉGASUS 24;0033-2026;DTA;2026-02-25 00:00:00;GOIANA;BELO HORIZONTE;Diana Wanderley Janhan Sousa;Cap BM;Corpo de Bombeiros do Estado de Minas Gerais
Traslado do Exmo. Governador de Minas e comitiva para as cidades de Paracatu/MG, Unaí/MG e Brasília/DF;00:42:00;PP-LCE - PÉGASUS 24;0033-2026;DTA;2026-02-25 00:00:00;GOIANA;BELO HORIZONTE;Eric da Cruz Gonçalves;Assessor Especial;Secretaria de Estado de Comunicação Social
Traslado do Exmo. Governador de Minas e comitiva para as cidades de Paracatu/MG, Unaí/MG e Brasília/DF;00:42:00;PP-LCE - PÉGASUS 24;0033-2026;DTA;2026-02-25 00:00:00;GOIANA;BELO HORIZONTE;Jordana de Oliveira Filgueiras Daldegan;Comandante-Geral;Corpo de Bombeiros do Estado de Minas Gerais
Traslado do Exmo. Governador de Minas e comitiva para as cidades de Paracatu/MG, Unaí/MG e Brasília/DF;00:42:00;PP-LCE - PÉGASUS 24;0033-2026;DTA;2026-02-25 00:00:00;GOIANA;BELO HORIZONTE;Lucas Pinto Simões;Imprensa;Secretaria de Estado de Comunicação Social
Traslado do Exmo. Governador de Minas e comitiva para as cidades de Paracatu/MG, Unaí/MG e Brasília/DF;00:42:00;PP-LCE - PÉGASUS 24;0033-2026;DTA;2026-02-25 00:00:00;GOIANA;BELO HORIZONTE;Romeu Zema Neto;Governador de Minas Gerais;Secretaria-Geral do Estado de Minas Gerais
Tentativa de ida até a cidade de Ubá com o Exmo Sr Governador, porém, devido às condições meteorológicas não foi possível prosseguir, tendo a equipe retornado ao aeroporto de Juiz de Fora após sobrevoo em áreas afetadas pelas chuvas dos últimos dias em Juiz de Fora.;00:24:00;PP-IEG - GUARÁ 02;0045-2026;4ª BRAvE;2026-02-25 00:00:00;JUIZ DE FORA;JUIZ DE FORA;Alexander Duarte Marinho;Ajudante de Ordens do Governador;Gabinete Militar do Governador
Tentativa de ida até a cidade de Ubá com o Exmo Sr Governador, porém, devido às condições meteorológicas não foi possível prosseguir, tendo a equipe retornado ao aeroporto de Juiz de Fora após sobrevoo em áreas afetadas pelas chuvas dos últimos dias em Juiz de Fora.;00:24:00;PP-IEG - GUARÁ 02;0045-2026;4ª BRAvE;2026-02-25 00:00:00;JUIZ DE FORA;JUIZ DE FORA;Jordana de Oliveira Filgueiras Daldegan;Comandante-Geral;Corpo de Bombeiros do Estado de Minas Gerais
Tentativa de ida até a cidade de Ubá com o Exmo Sr Governador, porém, devido às condições meteorológicas não foi possível prosseguir, tendo a equipe retornado ao aeroporto de Juiz de Fora após sobrevoo em áreas afetadas pelas chuvas dos últimos dias em Juiz de Fora.;00:24:00;PP-IEG - GUARÁ 02;0045-2026;4ª BRAvE;2026-02-25 00:00:00;JUIZ DE FORA;JUIZ DE FORA;Paulo Roberto Bermudes Rezende;Chefe;Gabinete Militar do Governador
Tentativa de ida até a cidade de Ubá com o Exmo Sr Governador, porém, devido às condições meteorológicas não foi possível prosseguir, tendo a equipe retornado ao aeroporto de Juiz de Fora após sobrevoo em áreas afetadas pelas chuvas dos últimos dias em Juiz de Fora.;00:24:00;PP-IEG - GUARÁ 02;0045-2026;4ª BRAvE;2026-02-25 00:00:00;JUIZ DE FORA;JUIZ DE FORA;Romeu Zema Neto;Governador de Minas Gerais;Secretaria-Geral do Estado de Minas Gerais
Traslado do Exmo Governador de Minas Gerais de Juiz de Fora até a cidade de Ubá. Traslado de SBZM para SJIM E1: 378,8 E2: 188,2 F1: 174,0 F2: 535,4;00:18:00;PR-DTG - N3;0023-2026;DTA;2026-02-26 00:00:00;GOIANA;JUIZ DE FORA;Alexander Duarte Marinho;Ajudante de Ordens do Governador;Gabinete Militar do Governador
Traslado do Exmo Governador de Minas Gerais de Juiz de Fora até a cidade de Ubá. Traslado de SBZM para SJIM E1: 378,8 E2: 188,2 F1: 174,0 F2: 535,4;00:18:00;PR-DTG - N3;0023-2026;DTA;2026-02-26 00:00:00;GOIANA;JUIZ DE FORA;Eric da Cruz Gonçalves;Assessor Especial;Secretaria de Estado de Comunicação Social
Traslado do Exmo Governador de Minas Gerais de Juiz de Fora até a cidade de Ubá. Traslado de SBZM para SJIM E1: 378,8 E2: 188,2 F1: 174,0 F2: 535,4;00:18:00;PR-DTG - N3;0023-2026;DTA;2026-02-26 00:00:00;GOIANA;JUIZ DE FORA;Joselito Oliveira de Paula;Coronel;Corpo de Bombeiros do Estado de Minas Gerais
Traslado do Exmo Governador de Minas Gerais de Juiz de Fora até a cidade de Ubá. Traslado de SBZM para SJIM E1: 378,8 E2: 188,2 F1: 174,0 F2: 535,4;00:18:00;PR-DTG - N3;0023-2026;DTA;2026-02-26 00:00:00;GOIANA;JUIZ DE FORA;Paulo Roberto Bermudes Rezende;Chefe;Gabinete Militar do Governador
Traslado do Exmo Governador de Minas Gerais de Juiz de Fora até a cidade de Ubá. Traslado de SBZM para SJIM E1: 378,8 E2: 188,2 F1: 174,0 F2: 535,4;00:18:00;PR-DTG - N3;0023-2026;DTA;2026-02-26 00:00:00;GOIANA;JUIZ DE FORA;Romeu Zema Neto;Governador de Minas Gerais;Secretaria-Geral do Estado de Minas Gerais
Traslado do Exmo Governador de Minas Gerais de Juiz de Fora até a cidade de Ubá. Traslado de SBZM para SJIM E1: 378,8 E2: 188,2 F1: 174,0 F2: 535,4;00:18:00;PR-DTG - N3;0023-2026;DTA;2026-02-26 00:00:00;GOIANA;JUIZ DE FORA;Victor Navarro dos Reis;1º Ten PM;Polícia Militar do Estado de Minas Gerais
Traslado do Exmo. Governador de Minas Gerais e comitiva para Araxá.;00:54:00;PP-LCE - PÉGASUS 24;0034-2026;DTA;2026-02-26 00:00:00;BELO HORIZONTE;ARAXA;Alexander Duarte Marinho;Ajudante de Ordens do Governador;Gabinete Militar do Governador
Traslado do Exmo. Governador de Minas Gerais e comitiva para Araxá.;00:54:00;PP-LCE - PÉGASUS 24;0034-2026;DTA;2026-02-26 00:00:00;BELO HORIZONTE;ARAXA;Andre Valadares da Cruz;Videomaker;Secretaria de Estado de Comunicação Social
Traslado do Exmo. Governador de Minas Gerais e comitiva para Araxá.;00:54:00;PP-LCE - PÉGASUS 24;0034-2026;DTA;2026-02-26 00:00:00;BELO HORIZONTE;ARAXA;Cristiano Pereira Machado;Fotógrafo;Secretaria de Estado de Comunicação Social
Traslado do Exmo. Governador de Minas Gerais e comitiva para Araxá.;00:54:00;PP-LCE - PÉGASUS 24;0034-2026;DTA;2026-02-26 00:00:00;BELO HORIZONTE;ARAXA;Eric da Cruz Gonçalves;Assessor Especial;Secretaria de Estado de Comunicação Social
Traslado do Exmo. Governador de Minas Gerais e comitiva para Araxá.;00:54:00;PP-LCE - PÉGASUS 24;0034-2026;DTA;2026-02-26 00:00:00;BELO HORIZONTE;ARAXA;Romeu Zema Neto;Governador de Minas Gerais;Secretaria-Geral do Estado de Minas Gerais
Traslado do Exmo. Governador de Minas Gerais e comitiva para Araxá.;01:00:00;PP-LCE - PÉGASUS 24;0035-2026;DTA;2026-02-26 00:00:00;ARAXA;GOIANA;Alexander Duarte Marinho;Ajudante de Ordens do Governador;Gabinete Militar do Governador
Traslado do Exmo. Governador de Minas Gerais e comitiva para Araxá.;01:00:00;PP-LCE - PÉGASUS 24;0035-2026;DTA;2026-02-26 00:00:00;ARAXA;GOIANA;Eric da Cruz Gonçalves;Assessor Especial;Secretaria de Estado de Comunicação Social
Traslado do Exmo. Governador de Minas Gerais e comitiva para Araxá.;01:00:00;PP-LCE - PÉGASUS 24;0035-2026;DTA;2026-02-26 00:00:00;ARAXA;GOIANA;Romeu Zema Neto;Governador de Minas Gerais;Secretaria-Geral do Estado de Minas Gerais
Traslado do Exmo. Governador de Minas Gerais e comitiva para Araxá.;01:00:00;PP-LCE - PÉGASUS 24;0035-2026;DTA;2026-02-26 00:00:00;ARAXA;GOIANA;Victor Navarro dos Reis;Cap PM;Polícia Militar do Estado de Minas Gerais
Traslado do Exmo. Governador de Minas Gerais e comitiva para Araxá.;01:06:00;PP-LCE - PÉGASUS 24;0036-2026;DTA;2026-02-26 00:00:00;GOIANA;ARAXA;Alexander Duarte Marinho;Ajudante de Ordens do Governador;Gabinete Militar do Governador
Traslado do Exmo. Governador de Minas Gerais e comitiva para Araxá.;01:06:00;PP-LCE - PÉGASUS 24;0036-2026;DTA;2026-02-26 00:00:00;GOIANA;ARAXA;Eric da Cruz Gonçalves;Assessor Especial;Secretaria de Estado de Comunicação Social
Traslado do Exmo. Governador de Minas Gerais e comitiva para Araxá.;01:06:00;PP-LCE - PÉGASUS 24;0036-2026;DTA;2026-02-26 00:00:00;GOIANA;ARAXA;Romeu Zema Neto;Governador de Minas Gerais;Secretaria-Geral do Estado de Minas Gerais
Traslado do Exmo. Governador de Minas Gerais e comitiva para Araxá.;01:06:00;PP-LCE - PÉGASUS 24;0036-2026;DTA;2026-02-26 00:00:00;GOIANA;ARAXA;Victor Navarro dos Reis;Cap PM;Polícia Militar do Estado de Minas Gerais
Traslado do Exmo. Governador de Minas Gerais e comitiva para Araxá.;00:48:00;PP-LCE - PÉGASUS 24;0037-2026;DTA;2026-02-27 00:00:00;ARAXA;BELO HORIZONTE;Alexander Duarte Marinho;Ajudante de Ordens do Governador;Gabinete Militar do Governador
Traslado do Exmo. Governador de Minas Gerais e comitiva para Araxá.;00:48:00;PP-LCE - PÉGASUS 24;0037-2026;DTA;2026-02-27 00:00:00;ARAXA;BELO HORIZONTE;Andre Valadares da Cruz;Videomaker;Secretaria de Estado de Comunicação Social
Traslado do Exmo. Governador de Minas Gerais e comitiva para Araxá.;00:48:00;PP-LCE - PÉGASUS 24;0037-2026;DTA;2026-02-27 00:00:00;ARAXA;BELO HORIZONTE;Cristiano Pereira Machado;Fotógrafo;Secretaria de Estado de Comunicação Social
Traslado do Exmo. Governador de Minas Gerais e comitiva para Araxá.;00:48:00;PP-LCE - PÉGASUS 24;0037-2026;DTA;2026-02-27 00:00:00;ARAXA;BELO HORIZONTE;Eric da Cruz Gonçalves;Assessor Especial;Secretaria de Estado de Comunicação Social
Traslado do Exmo. Governador de Minas Gerais e comitiva para Araxá.;00:48:00;PP-LCE - PÉGASUS 24;0037-2026;DTA;2026-02-27 00:00:00;ARAXA;BELO HORIZONTE;Romeu Zema Neto;Governador de Minas Gerais;Secretaria-Geral do Estado de Minas Gerais
Traslado do Exmo. Governador de Minas Gerais e comitiva para Araxá.;00:48:00;PP-LCE - PÉGASUS 24;0037-2026;DTA;2026-02-27 00:00:00;ARAXA;BELO HORIZONTE;Victor Navarro dos Reis;Cap PM;Polícia Militar do Estado de Minas Gerais
Traslado do Exmo. Governador de Minas Gerais e comitiva até a cidade de Brasília/DF.;01:30:00;PP-LCE;0044-2026;DTA;2026-03-09 00:00:00;BELO HORIZONTE;BRASILIA;Alexander Duarte Marinho;Ajudante de Ordens do Governador;Gabinete Militar do Governador
Traslado do Exmo. Governador de Minas Gerais e comitiva até a cidade de Brasília/DF.;01:30:00;PP-LCE;0044-2026;DTA;2026-03-09 00:00:00;BELO HORIZONTE;BRASILIA;Andreza Gischewski Costa;Assessor Especial;Secretaria-Geral do Estado de Minas Gerais
Traslado do Exmo. Governador de Minas Gerais e comitiva até a cidade de Brasília/DF.;01:30:00;PP-LCE;0044-2026;DTA;2026-03-09 00:00:00;BELO HORIZONTE;BRASILIA;Barbara Barros Botega;Secretário de Estado;Secretaria de Estado de Cultura
Traslado do Exmo. Governador de Minas Gerais e comitiva até a cidade de Brasília/DF.;01:30:00;PP-LCE;0044-2026;DTA;2026-03-09 00:00:00;BELO HORIZONTE;BRASILIA;Bernardo Assis Fonseca Santos;Secretário de Estado;Secretaria de Estado de Comunicação Social
Traslado do Exmo. Governador de Minas Gerais e comitiva até a cidade de Brasília/DF.;01:30:00;PP-LCE;0044-2026;DTA;2026-03-09 00:00:00;BELO HORIZONTE;BRASILIA;Paulo Vitor Lima de Guimarães Vargas;Redes Sociais;Secretaria de Estado de Comunicação Social
Traslado do Exmo. Governador de Minas Gerais e comitiva até a cidade de Brasília/DF.;01:30:00;PP-LCE;0044-2026;DTA;2026-03-09 00:00:00;BELO HORIZONTE;BRASILIA;Rafael Luiz Rebuiti Passos;Assessor de Imprensa;Secretaria de Estado de Comunicação Social
Traslado do Exmo. Governador de Minas Gerais e comitiva até a cidade de Brasília/DF.;01:30:00;PP-LCE;0044-2026;DTA;2026-03-09 00:00:00;BELO HORIZONTE;BRASILIA;Romeu Zema Neto;Governador de Minas Gerais;Secretaria-Geral do Estado de Minas Gerais
Traslado do Exmo. Governador de Minas Gerais e comitiva até a cidade de Brasília/DF.;01:26:00;PP-LCE;0045-2026;DTA;2026-03-09 00:00:00;BRASILIA;BELO HORIZONTE;Alexander Duarte Marinho;Ajudante de Ordens do Governador;Gabinete Militar do Governador
Traslado do Exmo. Governador de Minas Gerais e comitiva até a cidade de Brasília/DF.;01:26:00;PP-LCE;0045-2026;DTA;2026-03-09 00:00:00;BRASILIA;BELO HORIZONTE;Andreza Gischewski Costa;Assessor Especial;Secretaria-Geral do Estado de Minas Gerais
Traslado do Exmo. Governador de Minas Gerais e comitiva até a cidade de Brasília/DF.;01:26:00;PP-LCE;0045-2026;DTA;2026-03-09 00:00:00;BRASILIA;BELO HORIZONTE;Barbara Barros Botega;Secretário de Estado;Secretaria de Estado de Cultura
Traslado do Exmo. Governador de Minas Gerais e comitiva até a cidade de Brasília/DF.;01:26:00;PP-LCE;0045-2026;DTA;2026-03-09 00:00:00;BRASILIA;BELO HORIZONTE;Bernardo Assis Fonseca Santos;Secretário de Estado;Secretaria de Estado de Comunicação Social
Traslado do Exmo. Governador de Minas Gerais e comitiva até a cidade de Brasília/DF.;01:26:00;PP-LCE;0045-2026;DTA;2026-03-09 00:00:00;BRASILIA;BELO HORIZONTE;Paulo Vitor Lima de Guimarães Vargas;Redes Sociais;Secretaria de Estado de Comunicação Social
Traslado do Exmo. Governador de Minas Gerais e comitiva até a cidade de Brasília/DF.;01:26:00;PP-LCE;0045-2026;DTA;2026-03-09 00:00:00;BRASILIA;BELO HORIZONTE;Rafael Luiz Rebuiti Passos;Assessor de Imprensa;Secretaria de Estado de Comunicação Social
Traslado do Exmo. Governador de Minas Gerais e comitiva até a cidade de Brasília/DF.;01:26:00;PP-LCE;0045-2026;DTA;2026-03-09 00:00:00;BRASILIA;BELO HORIZONTE;Romeu Zema Neto;Governador de Minas Gerais;Secretaria-Geral do Estado de Minas Gerais
Traslado do Exmo. Governador de Minas Gerais e Comitiva até a cidade de Sete Logoas/MG;00:42:00;PR-OSO;0073-2026;EsAF;2026-03-11 00:00:00;BELO HORIZONTE;SETE LAGOAS;Alexander Duarte Marinho;Ajudante de Ordens do Governador;Gabinete Militar do Governador
Traslado do Exmo. Governador de Minas Gerais e Comitiva até a cidade de Sete Logoas/MG;00:42:00;PR-OSO;0073-2026;EsAF;2026-03-11 00:00:00;BELO HORIZONTE;SETE LAGOAS;Andre Valadares da Cruz;Videomaker;Secretaria de Estado de Comunicação Social
Traslado do Exmo. Governador de Minas Gerais e Comitiva até a cidade de Sete Logoas/MG;00:42:00;PR-OSO;0073-2026;EsAF;2026-03-11 00:00:00;BELO HORIZONTE;SETE LAGOAS;Eric da Cruz Gonçalves;Assessor Especial;Secretaria de Estado de Comunicação Social
Traslado do Exmo. Governador de Minas Gerais e Comitiva até a cidade de Sete Logoas/MG;00:42:00;PR-OSO;0073-2026;EsAF;2026-03-11 00:00:00;BELO HORIZONTE;SETE LAGOAS;Mila Batista Leite Corrêa da Costa;Secretário de Estado;Secretaria de Estado de Desenvolvimento Econômico 
Traslado do Exmo. Governador de Minas Gerais e Comitiva até a cidade de Sete Logoas/MG;00:42:00;PR-OSO;0073-2026;EsAF;2026-03-11 00:00:00;BELO HORIZONTE;SETE LAGOAS;Romeu Zema Neto;Governador de Minas Gerais;Secretaria-Geral do Estado de Minas Gerais
Traslado do Exmo. Governador de Minas Gerais e Comitiva até a cidade de Sete Logoas/MG;00:42:00;PR-OSO;0074-2026;EsAF;2026-03-11 00:00:00;LAGOA SANTA;BELO HORIZONTE;Alexander Duarte Marinho;Ajudante de Ordens do Governador;Gabinete Militar do Governador
Traslado do Exmo. Governador de Minas Gerais e Comitiva até a cidade de Sete Logoas/MG;00:42:00;PR-OSO;0074-2026;EsAF;2026-03-11 00:00:00;LAGOA SANTA;BELO HORIZONTE;Andre Valadares da Cruz;Videomaker;Secretaria de Estado de Comunicação Social
Traslado do Exmo. Governador de Minas Gerais e Comitiva até a cidade de Sete Logoas/MG;00:42:00;PR-OSO;0074-2026;EsAF;2026-03-11 00:00:00;LAGOA SANTA;BELO HORIZONTE;Eric da Cruz Gonçalves;Assessor Especial;Secretaria de Estado de Comunicação Social
Traslado do Exmo. Governador de Minas Gerais e Comitiva até a cidade de Sete Logoas/MG;00:42:00;PR-OSO;0074-2026;EsAF;2026-03-11 00:00:00;LAGOA SANTA;BELO HORIZONTE;Mila Batista Leite Corrêa da Costa;Secretário de Estado;Secretaria de Estado de Desenvolvimento Econômico 
Traslado do Exmo. Governador de Minas Gerais e Comitiva até a cidade de Sete Logoas/MG;00:42:00;PR-OSO;0074-2026;EsAF;2026-03-11 00:00:00;LAGOA SANTA;BELO HORIZONTE;Romeu Zema Neto;Governador de Minas Gerais;Secretaria-Geral do Estado de Minas Gerais
Traslado do Exmo. Sr. Governador do Estado de Minas Gerais e comitiva para a cidade de Lavras/MG, Varginha/MG, Poços de Caldas/MG e São Paulo/SP.;00:36:00;PP-LCE;0049-2026;DTA;2026-03-16 00:00:00;BELO HORIZONTE;LAVRAS;Rafael Neves de Andrade;Ajudante de Ordens do Governador;Gabinete Militar do Governador
Traslado do Exmo. Sr. Governador do Estado de Minas Gerais e comitiva para a cidade de Lavras/MG, Varginha/MG, Poços de Caldas/MG e São Paulo/SP.;00:24:00;PP-LCE;0050-2026;DTA;2026-03-17 00:00:00;LAVRAS;VARGINHA;Rafael Neves de Andrade;Ajudante de Ordens do Governador;Gabinete Militar do Governador
Traslado do Exmo. Sr. Governador do Estado de Minas Gerais e comitiva para a cidade de Lavras/MG, Varginha/MG, Poços de Caldas/MG e São Paulo/SP.;00:48:00;PP-LCE;0052-2026;DTA;2026-03-17 00:00:00;POCOS DE CALDAS;SAO PAULO;Aline Gonçalves Pinheiro;Diretora de Relacionamento com a Imprensa;Secretaria-Geral do Estado de Minas Gerais
Traslado do Exmo. Sr. Governador do Estado de Minas Gerais e comitiva para a cidade de Lavras/MG, Varginha/MG, Poços de Caldas/MG e São Paulo/SP.;00:48:00;PP-LCE;0052-2026;DTA;2026-03-17 00:00:00;POCOS DE CALDAS;SAO PAULO;Andre Valadares da Cruz;Videomaker;Secretaria de Estado de Comunicação Social
Traslado do Exmo. Sr. Governador do Estado de Minas Gerais e comitiva para a cidade de Lavras/MG, Varginha/MG, Poços de Caldas/MG e São Paulo/SP.;00:48:00;PP-LCE;0052-2026;DTA;2026-03-17 00:00:00;POCOS DE CALDAS;SAO PAULO;Andreza Gischewski Costa;Assessor Especial;Secretaria-Geral do Estado de Minas Gerais
Traslado do Exmo. Sr. Governador do Estado de Minas Gerais e comitiva para a cidade de Lavras/MG, Varginha/MG, Poços de Caldas/MG e São Paulo/SP.;00:48:00;PP-LCE;0052-2026;DTA;2026-03-17 00:00:00;POCOS DE CALDAS;SAO PAULO;Mila Batista Leite Corrêa da Costa;Secretário de Estado;Secretaria de Estado de Desenvolvimento Econômico 
Traslado do Exmo. Sr. Governador do Estado de Minas Gerais e comitiva para a cidade de Lavras/MG, Varginha/MG, Poços de Caldas/MG e São Paulo/SP.;00:48:00;PP-LCE;0052-2026;DTA;2026-03-17 00:00:00;POCOS DE CALDAS;SAO PAULO;Rafael Neves de Andrade;Ajudante de Ordens do Governador;Gabinete Militar do Governador
Traslado do Exmo. Sr. Governador do Estado de Minas Gerais e comitiva para a cidade de Lavras/MG, Varginha/MG, Poços de Caldas/MG e São Paulo/SP.;00:48:00;PP-LCE;0052-2026;DTA;2026-03-17 00:00:00;POCOS DE CALDAS;SAO PAULO;Romeu Zema Neto;Governador de Minas Gerais;Secretaria-Geral do Estado de Minas Gerais
Traslado do Exmo. Sr. Governador do Estado de Minas Gerais e comitiva para a cidade de Lavras/MG, Varginha/MG, Poços de Caldas/MG e São Paulo/SP.;00:48:00;PP-LCE;0052-2026;DTA;2026-03-17 00:00:00;POCOS DE CALDAS;SAO PAULO;Ronaldo Alexandre Barquette;Diretor de Atração de Investimentos Invest Minas;Secretaria de Estado de Desenvolvimento Econômico 
Traslado do Exmo. Sr. Governador do Estado de Minas Gerais e comitiva para a cidade de Lavras/MG, Varginha/MG, Poços de Caldas/MG e São Paulo/SP.;01:12:00;PP-LCE;0053-2026;DTA;2026-03-17 00:00:00;SAO PAULO;BELO HORIZONTE;Aline Gonçalves Pinheiro;Diretora de Relacionamento com a Imprensa;Secretaria-Geral do Estado de Minas Gerais
Traslado do Exmo. Sr. Governador do Estado de Minas Gerais e comitiva para a cidade de Lavras/MG, Varginha/MG, Poços de Caldas/MG e São Paulo/SP.;01:12:00;PP-LCE;0053-2026;DTA;2026-03-17 00:00:00;SAO PAULO;BELO HORIZONTE;Andre Valadares da Cruz;Videomaker;Secretaria de Estado de Comunicação Social
Traslado do Exmo. Sr. Governador do Estado de Minas Gerais e comitiva para a cidade de Lavras/MG, Varginha/MG, Poços de Caldas/MG e São Paulo/SP.;01:12:00;PP-LCE;0053-2026;DTA;2026-03-17 00:00:00;SAO PAULO;BELO HORIZONTE;Andreza Gischewski Costa;Assessor Especial;Secretaria-Geral do Estado de Minas Gerais
Traslado do Exmo. Sr. Governador do Estado de Minas Gerais e comitiva para a cidade de Lavras/MG, Varginha/MG, Poços de Caldas/MG e São Paulo/SP.;01:12:00;PP-LCE;0053-2026;DTA;2026-03-17 00:00:00;SAO PAULO;BELO HORIZONTE;Mila Batista Leite Corrêa da Costa;Secretário de Estado;Secretaria de Estado de Desenvolvimento Econômico 
Traslado do Exmo. Sr. Governador do Estado de Minas Gerais e comitiva para a cidade de Lavras/MG, Varginha/MG, Poços de Caldas/MG e São Paulo/SP.;01:12:00;PP-LCE;0053-2026;DTA;2026-03-17 00:00:00;SAO PAULO;BELO HORIZONTE;Rafael Neves de Andrade;Ajudante de Ordens do Governador;Gabinete Militar do Governador
Traslado do Exmo. Sr. Governador do Estado de Minas Gerais e comitiva para a cidade de Lavras/MG, Varginha/MG, Poços de Caldas/MG e São Paulo/SP.;01:12:00;PP-LCE;0053-2026;DTA;2026-03-17 00:00:00;SAO PAULO;BELO HORIZONTE;Romeu Zema Neto;Governador de Minas Gerais;Secretaria-Geral do Estado de Minas Gerais
Traslado do Exmo. Sr. Governador do Estado de Minas Gerais e comitiva para a cidade de Lavras/MG, Varginha/MG, Poços de Caldas/MG e São Paulo/SP.;01:12:00;PP-LCE;0053-2026;DTA;2026-03-17 00:00:00;SAO PAULO;BELO HORIZONTE;Rossieli Soares da Silva;Secretário de Estado;Secretaria de Estado de Educação
Traslado do Exmo. Sr. Governador do Estado de Minas Gerais e comitiva para a cidade de Lavras/MG, Varginha/MG, Poços de Caldas/MG e São Paulo/SP.;00:24:00;PP-LCE;0050-2026;DTA;2026-03-18 00:00:00;LAVRAS;VARGINHA;Andre Valadares da Cruz;Videomaker;Secretaria de Estado de Comunicação Social
Traslado do Exmo. Sr. Governador do Estado de Minas Gerais e comitiva para a cidade de Lavras/MG, Varginha/MG, Poços de Caldas/MG e São Paulo/SP.;00:36:00;PP-LCE;0049-2026;DTA;2026-03-19 00:00:00;BELO HORIZONTE;LAVRAS;Romeu Zema Neto;Governador de Minas Gerais;Secretaria-Geral do Estado de Minas Gerais
Traslado do Exmo. Sr. Governador do Estado de Minas Gerais e comitiva para a cidade de Lavras/MG, Varginha/MG, Poços de Caldas/MG e São Paulo/SP.;00:24:00;PP-LCE;0050-2026;DTA;2026-03-20 00:00:00;LAVRAS;VARGINHA;Romeu Zema Neto;Governador de Minas Gerais;Secretaria-Geral do Estado de Minas Gerais
Traslado do Exmo. Sr. Governador do Estado de Minas Gerais e comitiva para a cidade de Lavras/MG, Varginha/MG, Poços de Caldas/MG e São Paulo/SP.;01:12:00;PP-LCE;0051-2026;DTA;2026-03-21 00:00:00;VARGINHA;POCOS DE CALDAS;Romeu Zema Neto;Governador de Minas Gerais;Secretaria-Geral do Estado de Minas Gerais
Traslado do Exmo. Sr. Governador do Estado de Minas Gerais e comitiva para a cidade de Lavras/MG, Varginha/MG, Poços de Caldas/MG e São Paulo/SP.;00:36:00;PP-LCE;0049-2026;DTA;2026-03-22 00:00:00;BELO HORIZONTE;LAVRAS;Andreza Gischewski Costa;Assessor Especial;Secretaria-Geral do Estado de Minas Gerais
Traslado do Exmo. Sr. Governador do Estado de Minas Gerais e comitiva para a cidade de Lavras/MG, Varginha/MG, Poços de Caldas/MG e São Paulo/SP.;00:24:00;PP-LCE;0050-2026;DTA;2026-03-23 00:00:00;LAVRAS;VARGINHA;Andreza Gischewski Costa;Assessor Especial;Secretaria-Geral do Estado de Minas Gerais
Traslado do Exmo. Sr. Governador do Estado de Minas Gerais e comitiva para a cidade de Lavras/MG, Varginha/MG, Poços de Caldas/MG e São Paulo/SP.;00:36:00;PP-LCE;0049-2026;DTA;2026-03-24 00:00:00;BELO HORIZONTE;LAVRAS;Aline Gonçalves Pinheiro;Diretora de Relacionamento com a Imprensa;Secretaria-Geral do Estado de Minas Gerais
Traslado do Exmo. Governador para cidade de Cipotânea/MG;00:45:00;PR-DTG;0036-2026;DTA;2026-03-25 00:00:00;BELO HORIZONTE;CIPOTÂNEA;Gilsian Pelli Leonardi;Fotógrafo;Secretaria-Geral do Estado de Minas Gerais
Traslado do Exmo. Governador para cidade de Cipotânea/MG;00:45:00;PR-DTG;0036-2026;DTA;2026-03-25 00:00:00;BELO HORIZONTE;CIPOTÂNEA;Mateus Simões de Almeida;Governador de Minas Gerais;Secretaria-Geral do Estado de Minas Gerais
Traslado do Exmo. Governador para cidade de Cipotânea/MG;00:45:00;PR-DTG;0036-2026;DTA;2026-03-25 00:00:00;BELO HORIZONTE;CIPOTÂNEA;Matheus Souza Fonseca;Assessor (a);Secretaria-Geral do Estado de Minas Gerais
Traslado do Exmo. Governador para cidade de Cipotânea/MG;00:45:00;PR-DTG;0036-2026;DTA;2026-03-25 00:00:00;BELO HORIZONTE;CIPOTÂNEA;Weivel Maklis Gomes Freitas;Ajudante de Ordens do Governador;Gabinete Militar do Governador
Traslado do Exmo. Governador para cidade de Cipotânea/MG;00:45:00;PR-DTG;0037-2026;DTA;2026-03-25 00:00:00;CIPOTÂNEA;BELO HORIZONTE;Gilsian Pelli Leonardi;Fotógrafo;Secretaria-Geral do Estado de Minas Gerais
Traslado do Exmo. Governador para cidade de Cipotânea/MG;00:45:00;PR-DTG;0037-2026;DTA;2026-03-25 00:00:00;CIPOTÂNEA;BELO HORIZONTE;Mateus Simões de Almeida;Governador de Minas Gerais;Secretaria-Geral do Estado de Minas Gerais
Traslado do Exmo. Governador para cidade de Cipotânea/MG;00:45:00;PR-DTG;0037-2026;DTA;2026-03-25 00:00:00;CIPOTÂNEA;BELO HORIZONTE;Matheus Souza Fonseca;Assessor (a);Secretaria-Geral do Estado de Minas Gerais
Traslado do Exmo. Governador para cidade de Cipotânea/MG;00:45:00;PR-DTG;0037-2026;DTA;2026-03-25 00:00:00;CIPOTÂNEA;BELO HORIZONTE;Weivel Maklis Gomes Freitas;Ajudante de Ordens do Governador;Gabinete Militar do Governador
Traslado do Exmo. Sr. Governador do Estado de Minas Gerais e comitiva para a cidade de Lavras/MG, Varginha/MG, Poços de Caldas/MG e São Paulo/SP.;00:24:00;PP-LCE;0050-2026;DTA;2026-03-25 00:00:00;LAVRAS;VARGINHA;Aline Gonçalves Pinheiro;Diretora de Relacionamento com a Imprensa;Secretaria-Geral do Estado de Minas Gerais
Traslado do Exmo sr. Governador do Estado de Minas Gerais e comitiva para as cidades de Brasília/DF e Uberlândia/MG.;01:34:00;PP-LCE;0059-2026;DTA;2026-03-25 00:00:00;BELO HORIZONTE;BRASILIA;Castellar Modesto Guimarães Neto;Consultor de Articulação Política;Secretaria de Estado de Governo
Traslado do Exmo sr. Governador do Estado de Minas Gerais e comitiva para as cidades de Brasília/DF e Uberlândia/MG.;01:34:00;PP-LCE;0059-2026;DTA;2026-03-25 00:00:00;BELO HORIZONTE;BRASILIA;Lucas Tadeu Bonaccorsi;Ajudante de Ordens do Governador ;Gabinete Militar do Governador
Traslado do Exmo sr. Governador do Estado de Minas Gerais e comitiva para as cidades de Brasília/DF e Uberlândia/MG.;01:34:00;PP-LCE;0059-2026;DTA;2026-03-25 00:00:00;BELO HORIZONTE;BRASILIA;Marcelo Guilherme de Aro Ferreira;Secretário de Estado;Secretaria de Estado de Governo
Traslado do Exmo sr. Governador do Estado de Minas Gerais e comitiva para as cidades de Brasília/DF e Uberlândia/MG.;01:34:00;PP-LCE;0059-2026;DTA;2026-03-25 00:00:00;BELO HORIZONTE;BRASILIA;Marina Guimarães Silva Bitencourt;Assessor (a);Secretaria de Estado de Governo
Traslado do Exmo sr. Governador do Estado de Minas Gerais e comitiva para as cidades de Brasília/DF e Uberlândia/MG.;01:34:00;PP-LCE;0059-2026;DTA;2026-03-25 00:00:00;BELO HORIZONTE;BRASILIA;Mateus Simões de Almeida;Governador de Minas Gerais;Secretaria-Geral do Estado de Minas Gerais
Traslado do Exmo sr. Governador do Estado de Minas Gerais e comitiva para as cidades de Brasília/DF e Uberlândia/MG.;01:34:00;PP-LCE;0059-2026;DTA;2026-03-25 00:00:00;BELO HORIZONTE;BRASILIA;Mila Batista Leite Corrêa da Costa;Secretário de Estado;Secretaria de Estado de Desenvolvimento Econômico 
Traslado do Exmo sr. Governador do Estado de Minas Gerais e comitiva para as cidades de Brasília/DF e Uberlândia/MG.;00:54:00;PP-LCE;0060-2026;DTA;2026-03-25 00:00:00;BRASILIA;UBERLANDIA;Castellar Modesto Guimarães Neto;Consultor de Articulação Política;Secretaria de Estado de Governo
Traslado do Exmo sr. Governador do Estado de Minas Gerais e comitiva para as cidades de Brasília/DF e Uberlândia/MG.;00:54:00;PP-LCE;0060-2026;DTA;2026-03-25 00:00:00;BRASILIA;UBERLANDIA;Lucas Tadeu Bonaccorsi;Ajudante de Ordens do Governador ;Gabinete Militar do Governador
Traslado do Exmo sr. Governador do Estado de Minas Gerais e comitiva para as cidades de Brasília/DF e Uberlândia/MG.;00:54:00;PP-LCE;0060-2026;DTA;2026-03-25 00:00:00;BRASILIA;UBERLANDIA;Marina Guimarães Silva Bitencourt;Assessor (a);Secretaria de Estado de Governo
Traslado do Exmo sr. Governador do Estado de Minas Gerais e comitiva para as cidades de Brasília/DF e Uberlândia/MG.;00:54:00;PP-LCE;0060-2026;DTA;2026-03-25 00:00:00;BRASILIA;UBERLANDIA;Mateus Simões de Almeida;Governador de Minas Gerais;Secretaria-Geral do Estado de Minas Gerais
Traslado do Exmo sr. Governador do Estado de Minas Gerais e comitiva para as cidades de Brasília/DF e Uberlândia/MG.;00:54:00;PP-LCE;0060-2026;DTA;2026-03-25 00:00:00;BRASILIA;UBERLANDIA;Mila Batista Leite Corrêa da Costa;Secretário de Estado;Secretaria de Estado de Desenvolvimento Econômico 
Traslado do Exmo. Sr. Governador do Estado de Minas Gerais e comitiva para a cidade de Lavras/MG, Varginha/MG, Poços de Caldas/MG e São Paulo/SP.;00:36:00;PP-LCE;0049-2026;DTA;2026-03-26 00:00:00;BELO HORIZONTE;LAVRAS;Ronaldo Alexandre Barquette;Diretor de Atração de Investimentos Invest Minas;Secretaria de Estado de Desenvolvimento Econômico 
Traslado do Exmo. Sr. Governador do Estado de Minas Gerais e comitiva para a cidade de Lavras/MG, Varginha/MG, Poços de Caldas/MG e São Paulo/SP.;00:24:00;PP-LCE;0050-2026;DTA;2026-03-27 00:00:00;LAVRAS;VARGINHA;Ronaldo Alexandre Barquette;Diretor de Atração de Investimentos Invest Minas;Secretaria de Estado de Desenvolvimento Econômico 
Traslado do Exmo. Sr. Governador do Estado de Minas Gerais e comitiva para a cidade de Coromandel/MG, Monte Carmelo/MG e Abadia dos Dourados/MG.;00:48:00;PP-EJK;0064-2026;2ª BRAvE;2026-03-27 00:00:00;UBERLANDIA;COROMANDEL;Castellar Modesto Guimarães Neto;Consultor de Articulação Política;Secretaria de Estado de Governo
Traslado do Exmo. Sr. Governador do Estado de Minas Gerais e comitiva para a cidade de Coromandel/MG, Monte Carmelo/MG e Abadia dos Dourados/MG.;00:48:00;PP-EJK;0064-2026;2ª BRAvE;2026-03-27 00:00:00;UBERLANDIA;COROMANDEL;Lucas Tadeu Bonaccorsi;Ajudante de Ordens do Governador ;Gabinete Militar do Governador
Traslado do Exmo. Sr. Governador do Estado de Minas Gerais e comitiva para a cidade de Coromandel/MG, Monte Carmelo/MG e Abadia dos Dourados/MG.;00:48:00;PP-EJK;0064-2026;2ª BRAvE;2026-03-27 00:00:00;UBERLANDIA;COROMANDEL;Mateus Simões de Almeida;Governador de Minas Gerais;Secretaria-Geral do Estado de Minas Gerais
Traslado do Exmo. Sr. Governador do Estado de Minas Gerais e comitiva para a cidade de Coromandel/MG, Monte Carmelo/MG e Abadia dos Dourados/MG.;00:48:00;PP-EJK;0064-2026;2ª BRAvE;2026-03-27 00:00:00;UBERLANDIA;COROMANDEL;Matheus Souza Fonseca;Assessor (a);Secretaria-Geral do Estado de Minas Gerais
Traslado do Exmo. Sr. Governador do Estado de Minas Gerais e comitiva para a cidade de Coromandel/MG, Monte Carmelo/MG e Abadia dos Dourados/MG.;00:18:00;PP-EJK;0065-2026;2ª BRAvE;2026-03-27 00:00:00;COROMANDEL;MONTE CARMELO;Castellar Modesto Guimarães Neto;Consultor de Articulação Política;Secretaria de Estado de Governo
Traslado do Exmo. Sr. Governador do Estado de Minas Gerais e comitiva para a cidade de Coromandel/MG, Monte Carmelo/MG e Abadia dos Dourados/MG.;00:18:00;PP-EJK;0065-2026;2ª BRAvE;2026-03-27 00:00:00;COROMANDEL;MONTE CARMELO;Lucas Tadeu Bonaccorsi;Ajudante de Ordens do Governador ;Gabinete Militar do Governador
Traslado do Exmo. Sr. Governador do Estado de Minas Gerais e comitiva para a cidade de Coromandel/MG, Monte Carmelo/MG e Abadia dos Dourados/MG.;00:18:00;PP-EJK;0065-2026;2ª BRAvE;2026-03-27 00:00:00;COROMANDEL;MONTE CARMELO;Mateus Simões de Almeida;Governador de Minas Gerais;Secretaria-Geral do Estado de Minas Gerais
Traslado do Exmo. Sr. Governador do Estado de Minas Gerais e comitiva para a cidade de Coromandel/MG, Monte Carmelo/MG e Abadia dos Dourados/MG.;00:18:00;PP-EJK;0066-2026;2ª BRAvE;2026-03-27 00:00:00;MONTE CARMELO;ABADIA DOS DOURADOS;Castellar Modesto Guimarães Neto;Consultor de Articulação Política;Secretaria de Estado de Governo
Traslado do Exmo. Sr. Governador do Estado de Minas Gerais e comitiva para a cidade de Coromandel/MG, Monte Carmelo/MG e Abadia dos Dourados/MG.;00:18:00;PP-EJK;0066-2026;2ª BRAvE;2026-03-27 00:00:00;MONTE CARMELO;ABADIA DOS DOURADOS;Lucas Tadeu Bonaccorsi;Ajudante de Ordens do Governador ;Gabinete Militar do Governador
Traslado do Exmo. Sr. Governador do Estado de Minas Gerais e comitiva para a cidade de Coromandel/MG, Monte Carmelo/MG e Abadia dos Dourados/MG.;00:18:00;PP-EJK;0066-2026;2ª BRAvE;2026-03-27 00:00:00;MONTE CARMELO;ABADIA DOS DOURADOS;Mateus Simões de Almeida;Governador de Minas Gerais;Secretaria-Geral do Estado de Minas Gerais
Traslado do Exmo. Sr. Governador do Estado de Minas Gerais e comitiva para a cidade de Coromandel/MG, Monte Carmelo/MG e Abadia dos Dourados/MG.;00:30:00;PP-EJK;0067-2026;2ª BRAvE;2026-03-27 00:00:00;ABADIA DOS DOURADOS;UBERLANDIA;Castellar Modesto Guimarães Neto;Consultor de Articulação Política;Secretaria de Estado de Governo
Traslado do Exmo. Sr. Governador do Estado de Minas Gerais e comitiva para a cidade de Coromandel/MG, Monte Carmelo/MG e Abadia dos Dourados/MG.;00:30:00;PP-EJK;0067-2026;2ª BRAvE;2026-03-27 00:00:00;ABADIA DOS DOURADOS;UBERLANDIA;Lucas Tadeu Bonaccorsi;Ajudante de Ordens do Governador ;Gabinete Militar do Governador
Traslado do Exmo. Sr. Governador do Estado de Minas Gerais e comitiva para a cidade de Coromandel/MG, Monte Carmelo/MG e Abadia dos Dourados/MG.;00:30:00;PP-EJK;0067-2026;2ª BRAvE;2026-03-27 00:00:00;ABADIA DOS DOURADOS;UBERLANDIA;Mateus Simões de Almeida;Governador de Minas Gerais;Secretaria-Geral do Estado de Minas Gerais
Traslado do Exmo. Sr. Governador do Estado de Minas Gerais e comitiva para a cidade de Coromandel/MG, Monte Carmelo/MG e Abadia dos Dourados/MG.;00:30:00;PP-EJK;0067-2026;2ª BRAvE;2026-03-27 00:00:00;ABADIA DOS DOURADOS;UBERLANDIA;Matheus Souza Fonseca;Assessor (a);Secretaria-Geral do Estado de Minas Gerais
Traslado do Exmo. Sr. Governador do Estado de Minas Gerais e comitiva para a cidade de Lavras/MG, Varginha/MG, Poços de Caldas/MG e São Paulo/SP.;00:36:00;PP-LCE;0049-2026;DTA;2026-03-28 00:00:00;BELO HORIZONTE;LAVRAS;Mila Batista Leite Corrêa da Costa;Secretário de Estado;Secretaria de Estado de Desenvolvimento Econômico 
Traslado do Exmo sr. Governador do Estado de Minas Gerais e comitiva para as cidades de Brasília/DF e Uberlândia/MG.;00:34:00;PP-LCE;0061-2026;DTA;2026-03-28 00:00:00;UBERLANDIA;PATROCINIO;Castellar Modesto Guimarães Neto;Consultor de Articulação Política;Secretaria de Estado de Governo
Traslado do Exmo sr. Governador do Estado de Minas Gerais e comitiva para as cidades de Brasília/DF e Uberlândia/MG.;00:34:00;PP-LCE;0061-2026;DTA;2026-03-28 00:00:00;UBERLANDIA;PATROCINIO;Greyce de Queiroz Elias;Deputado(a) Estadual;Assembleia Legislativa do Estado de Minas Gerais
Traslado do Exmo sr. Governador do Estado de Minas Gerais e comitiva para as cidades de Brasília/DF e Uberlândia/MG.;00:34:00;PP-LCE;0061-2026;DTA;2026-03-28 00:00:00;UBERLANDIA;PATROCINIO;João Matheus Ferreira Nunes;Assessor (a);Secretaria-Geral do Estado de Minas Gerais
Traslado do Exmo sr. Governador do Estado de Minas Gerais e comitiva para as cidades de Brasília/DF e Uberlândia/MG.;00:34:00;PP-LCE;0061-2026;DTA;2026-03-28 00:00:00;UBERLANDIA;PATROCINIO;Lucas Tadeu Bonaccorsi;Ajudante de Ordens do Governador ;Gabinete Militar do Governador
Traslado do Exmo sr. Governador do Estado de Minas Gerais e comitiva para as cidades de Brasília/DF e Uberlândia/MG.;00:34:00;PP-LCE;0061-2026;DTA;2026-03-28 00:00:00;UBERLANDIA;PATROCINIO;Marina Guimarães Silva Bitencourt;Assessor (a);Secretaria de Estado de Governo
Traslado do Exmo sr. Governador do Estado de Minas Gerais e comitiva para as cidades de Brasília/DF e Uberlândia/MG.;00:34:00;PP-LCE;0061-2026;DTA;2026-03-28 00:00:00;UBERLANDIA;PATROCINIO;Mateus Simões de Almeida;Governador de Minas Gerais;Secretaria-Geral do Estado de Minas Gerais
Traslado do Exmo sr. Governador do Estado de Minas Gerais e comitiva para as cidades de Brasília/DF e Uberlândia/MG.;00:34:00;PP-LCE;0061-2026;DTA;2026-03-28 00:00:00;UBERLANDIA;PATROCINIO;Matheus Souza Fonseca;Assessor (a);Secretaria-Geral do Estado de Minas Gerais
Traslado do Exmo sr. Governador do Estado de Minas Gerais e comitiva para as cidades de Brasília/DF e Uberlândia/MG.;00:32:00;PP-LCE;0062-2026;DTA;2026-03-28 00:00:00;PATROCINIO;UBERLANDIA;Castellar Modesto Guimarães Neto;Consultor de Articulação Política;Secretaria de Estado de Governo
Traslado do Exmo sr. Governador do Estado de Minas Gerais e comitiva para as cidades de Brasília/DF e Uberlândia/MG.;00:32:00;PP-LCE;0062-2026;DTA;2026-03-28 00:00:00;PATROCINIO;UBERLANDIA;Greyce de Queiroz Elias;Deputado(a) Estadual;Assembleia Legislativa do Estado de Minas Gerais
Traslado do Exmo sr. Governador do Estado de Minas Gerais e comitiva para as cidades de Brasília/DF e Uberlândia/MG.;00:32:00;PP-LCE;0062-2026;DTA;2026-03-28 00:00:00;PATROCINIO;UBERLANDIA;João Matheus Ferreira Nunes;Assessor (a);Secretaria-Geral do Estado de Minas Gerais
Traslado do Exmo sr. Governador do Estado de Minas Gerais e comitiva para as cidades de Brasília/DF e Uberlândia/MG.;00:32:00;PP-LCE;0062-2026;DTA;2026-03-28 00:00:00;PATROCINIO;UBERLANDIA;Lucas Tadeu Bonaccorsi;Ajudante de Ordens do Governador ;Gabinete Militar do Governador
Traslado do Exmo sr. Governador do Estado de Minas Gerais e comitiva para as cidades de Brasília/DF e Uberlândia/MG.;00:32:00;PP-LCE;0062-2026;DTA;2026-03-28 00:00:00;PATROCINIO;UBERLANDIA;Marina Guimarães Silva Bitencourt;Assessor (a);Secretaria de Estado de Governo
Traslado do Exmo sr. Governador do Estado de Minas Gerais e comitiva para as cidades de Brasília/DF e Uberlândia/MG.;00:32:00;PP-LCE;0062-2026;DTA;2026-03-28 00:00:00;PATROCINIO;UBERLANDIA;Mateus Simões de Almeida;Governador de Minas Gerais;Secretaria-Geral do Estado de Minas Gerais
Traslado do Exmo sr. Governador do Estado de Minas Gerais e comitiva para as cidades de Brasília/DF e Uberlândia/MG.;00:32:00;PP-LCE;0062-2026;DTA;2026-03-28 00:00:00;PATROCINIO;UBERLANDIA;Matheus Souza Fonseca;Assessor (a);Secretaria-Geral do Estado de Minas Gerais
Traslado do Exmo. Sr. Governador do Estado de Minas Gerais e comitiva para a cidade de Lavras/MG, Varginha/MG, Poços de Caldas/MG e São Paulo/SP.;00:24:00;PP-LCE;0050-2026;DTA;2026-03-29 00:00:00;LAVRAS;VARGINHA;Mila Batista Leite Corrêa da Costa;Secretário de Estado;Secretaria de Estado de Desenvolvimento Econômico 
Traslado do Exmo sr. Governador do Estado de Minas Gerais e comitiva para as cidades de Brasília/DF e Uberlândia/MG.;01:24:00;PP-LCE;0063-2026;DTA;2026-03-29 00:00:00;UBERLANDIA;IPATINGA;Edimar Ferreira;Cap PM;Gabinete Militar do Governador
Traslado do Exmo sr. Governador do Estado de Minas Gerais e comitiva para as cidades de Brasília/DF e Uberlândia/MG.;01:24:00;PP-LCE;0063-2026;DTA;2026-03-29 00:00:00;UBERLANDIA;IPATINGA;João Matheus Ferreira Nunes;Assessor (a);Secretaria-Geral do Estado de Minas Gerais
Traslado do Exmo sr. Governador do Estado de Minas Gerais e comitiva para as cidades de Brasília/DF e Uberlândia/MG.;01:24:00;PP-LCE;0063-2026;DTA;2026-03-29 00:00:00;UBERLANDIA;IPATINGA;Leonardo Morais do Nascimento;3º Sgt PM;Gabinete Militar do Governador
Traslado do Exmo sr. Governador do Estado de Minas Gerais e comitiva para as cidades de Brasília/DF e Uberlândia/MG.;01:24:00;PP-LCE;0063-2026;DTA;2026-03-29 00:00:00;UBERLANDIA;IPATINGA;Lucas Tadeu Bonaccorsi;Ajudante de Ordens do Governador ;Gabinete Militar do Governador
Traslado do Exmo sr. Governador do Estado de Minas Gerais e comitiva para as cidades de Brasília/DF e Uberlândia/MG.;01:24:00;PP-LCE;0063-2026;DTA;2026-03-29 00:00:00;UBERLANDIA;IPATINGA;Mateus Simões de Almeida;Governador de Minas Gerais;Secretaria-Geral do Estado de Minas Gerais
Traslado do Exmo sr. Governador do Estado de Minas Gerais e comitiva para as cidades de Brasília/DF e Uberlândia/MG.;01:24:00;PP-LCE;0063-2026;DTA;2026-03-29 00:00:00;UBERLANDIA;IPATINGA;Matheus Souza Fonseca;Assessor (a);Secretaria-Geral do Estado de Minas Gerais
Traslado do Exmo sr. Governador do Estado de Minas Gerais e comitiva para as cidades de Brasília/DF e Uberlândia/MG.;00:41:00;PP-LCE;0064-2026;DTA;2026-03-31 00:00:00;IPATINGA;BELO HORIZONTE;Castellar Modesto Guimarães Neto;Consultor de Articulação Política;Secretaria de Estado de Governo
Traslado do Exmo sr. Governador do Estado de Minas Gerais e comitiva para as cidades de Brasília/DF e Uberlândia/MG.;00:41:00;PP-LCE;0064-2026;DTA;2026-03-31 00:00:00;IPATINGA;BELO HORIZONTE;Lucas Tadeu Bonaccorsi;Ajudante de Ordens do Governador ;Gabinete Militar do Governador
Traslado do Exmo sr. Governador do Estado de Minas Gerais e comitiva para as cidades de Brasília/DF e Uberlândia/MG.;00:41:00;PP-LCE;0064-2026;DTA;2026-03-31 00:00:00;IPATINGA;BELO HORIZONTE;Marina Guimarães Silva Bitencourt;Assessor (a);Secretaria de Estado de Governo
Traslado do Exmo sr. Governador do Estado de Minas Gerais e comitiva para as cidades de Brasília/DF e Uberlândia/MG.;00:41:00;PP-LCE;0064-2026;DTA;2026-03-31 00:00:00;IPATINGA;BELO HORIZONTE;Mateus Simões de Almeida;Governador de Minas Gerais;Secretaria-Geral do Estado de Minas Gerais
Traslado do Exmo sr. Governador do Estado de Minas Gerais e comitiva para as cidades de Brasília/DF e Uberlândia/MG.;00:41:00;PP-LCE;0064-2026;DTA;2026-03-31 00:00:00;IPATINGA;BELO HORIZONTE;Matheus Souza Fonseca;Assessor (a);Secretaria-Geral do Estado de Minas Gerais
Traslado do Exmo Governador de Minas Gerais e comitiva até as Cidades de Ubá  e Juiz de Fora.;00:41:00;PP-LCE;0065-2026;DTA;2026-03-31 00:00:00;BELO HORIZONTE;UBA;Cássia Amorim Ximenes de Souza;Secretária Adjunta;Secretaria de Estado de Comunicação Social
Traslado do Exmo Governador de Minas Gerais e comitiva até as Cidades de Ubá  e Juiz de Fora.;00:41:00;PP-LCE;0065-2026;DTA;2026-03-31 00:00:00;BELO HORIZONTE;UBA;Castellar Modesto Guimarães Neto;Consultor de Articulação Política;Secretaria de Estado de Governo
Traslado do Exmo Governador de Minas Gerais e comitiva até as Cidades de Ubá  e Juiz de Fora.;00:41:00;PP-LCE;0065-2026;DTA;2026-03-31 00:00:00;BELO HORIZONTE;UBA;Mateus Simões de Almeida;Governador de Minas Gerais;Secretaria-Geral do Estado de Minas Gerais
Traslado do Exmo Governador de Minas Gerais e comitiva até as Cidades de Ubá  e Juiz de Fora.;00:41:00;PP-LCE;0065-2026;DTA;2026-03-31 00:00:00;BELO HORIZONTE;UBA;Patrícia Fiúza Queiroz;Assessor (a);Secretaria-Geral do Estado de Minas Gerais
Traslado do Exmo Governador de Minas Gerais e comitiva até as Cidades de Ubá  e Juiz de Fora.;00:41:00;PP-LCE;0065-2026;DTA;2026-03-31 00:00:00;BELO HORIZONTE;UBA;Paulo Roberto Bermudes Rezende;Chefe;Gabinete Militar do Governador
Traslado do Exmo Governador de Minas Gerais e comitiva até as Cidades de Ubá  e Juiz de Fora.;00:41:00;PP-LCE;0065-2026;DTA;2026-03-31 00:00:00;BELO HORIZONTE;UBA;Weivel Maklis Gomes Freitas;Ajudante de Ordens do Governador;Gabinete Militar do Governador
Traslado do Exmo Governador de Minas Gerais e comitiva até as Cidades de Ubá  e Juiz de Fora.;00:09:00;PP-LCE;0066-2026;DTA;01/04/2026;UBA;GOIANA;Castellar Modesto Guimarães Neto;Consultor de Articulação Política;Secretaria de Estado de Governo
Traslado do Exmo Governador de Minas Gerais e comitiva até as Cidades de Ubá  e Juiz de Fora.;00:09:00;PP-LCE;0066-2026;DTA;01/04/2026;UBA;GOIANA;Marina Guimarães Silva Bitencourt;Assessor (a);Secretaria de Estado de Governo
Traslado do Exmo Governador de Minas Gerais e comitiva até as Cidades de Ubá  e Juiz de Fora.;00:09:00;PP-LCE;0066-2026;DTA;01/04/2026;UBA;GOIANA;Mateus Simões de Almeida;Governador de Minas Gerais;Secretaria-Geral do Estado de Minas Gerais
Traslado do Exmo Governador de Minas Gerais e comitiva até as Cidades de Ubá  e Juiz de Fora.;00:09:00;PP-LCE;0066-2026;DTA;01/04/2026;UBA;GOIANA;Patrícia Fiúza Queiroz;Assessor (a);Secretaria-Geral do Estado de Minas Gerais
Traslado do Exmo Governador de Minas Gerais e comitiva até as Cidades de Ubá  e Juiz de Fora.;00:09:00;PP-LCE;0066-2026;DTA;01/04/2026;UBA;GOIANA;Paulo Roberto Bermudes Rezende;Chefe;Gabinete Militar do Governador
Traslado do Exmo Governador de Minas Gerais e comitiva até as Cidades de Ubá  e Juiz de Fora.;00:09:00;PP-LCE;0066-2026;DTA;01/04/2026;UBA;GOIANA;Weivel Maklis Gomes Freitas;Ajudante de Ordens do Governador;Gabinete Militar do Governador
Traslado do Exmo Governador de Minas Gerais e comitiva até as Cidades de Ubá  e Juiz de Fora.;00:12:00;PP-LCE;0067-2026;DTA;01/04/2026;GOIANA;JUIZ DE FORA;;;
Traslado do Exmo Governador de Minas Gerais e comitiva até as Cidades de Ubá  e Juiz de Fora.;00:32:00;PP-LCE;0068-2026;DTA;01/04/2026;JUIZ DE FORA;BELO HORIZONTE;Castellar Modesto Guimarães Neto;Consultor de Articulação Política;Secretaria de Estado de Governo
Traslado do Exmo Governador de Minas Gerais e comitiva até as Cidades de Ubá  e Juiz de Fora.;00:32:00;PP-LCE;0068-2026;DTA;01/04/2026;JUIZ DE FORA;BELO HORIZONTE;Marina Guimarães Silva Bitencourt;Assessor (a);Secretaria de Estado de Governo
Traslado do Exmo Governador de Minas Gerais e comitiva até as Cidades de Ubá  e Juiz de Fora.;00:32:00;PP-LCE;0068-2026;DTA;01/04/2026;JUIZ DE FORA;BELO HORIZONTE;Mateus Simões de Almeida;Governador de Minas Gerais;Secretaria-Geral do Estado de Minas Gerais
Traslado do Exmo Governador de Minas Gerais e comitiva até as Cidades de Ubá  e Juiz de Fora.;00:32:00;PP-LCE;0068-2026;DTA;01/04/2026;JUIZ DE FORA;BELO HORIZONTE;Patrícia Fiúza Queiroz;Assessor (a);Secretaria-Geral do Estado de Minas Gerais
Traslado do Exmo Governador de Minas Gerais e comitiva até as Cidades de Ubá  e Juiz de Fora.;00:32:00;PP-LCE;0068-2026;DTA;01/04/2026;JUIZ DE FORA;BELO HORIZONTE;Paulo Roberto Bermudes Rezende;Chefe;Gabinete Militar do Governador
Traslado do Exmo Governador de Minas Gerais e comitiva até as Cidades de Ubá  e Juiz de Fora.;00:32:00;PP-LCE;0068-2026;DTA;01/04/2026;JUIZ DE FORA;BELO HORIZONTE;Weivel Maklis Gomes Freitas;Ajudante de Ordens do Governador;Gabinete Militar do Governador
Traslado do Exmo Governador de Minas Gerais e comitiva até as Cidades de Ubá  e Juiz de Fora.;00:23:00;PP-LCE;0069-2026;DTA;02/04/2026;BELO HORIZONTE;UBA;Castellar Modesto Guimarães Neto;Consultor de Articulação Política;Secretaria de Estado de Governo
Traslado do Exmo Governador de Minas Gerais e comitiva até as Cidades de Ubá  e Juiz de Fora.;00:23:00;PP-LCE;0069-2026;DTA;02/04/2026;BELO HORIZONTE;UBA;Emerson Patrick Vieira;Prefeito;Prefeitura Municipal de Guarani
Traslado do Exmo Governador de Minas Gerais e comitiva até as Cidades de Ubá  e Juiz de Fora.;00:23:00;PP-LCE;0069-2026;DTA;02/04/2026;BELO HORIZONTE;UBA;Marina Guimarães Silva Bitencourt;Assessor (a);Secretaria de Estado de Governo
Traslado do Exmo Governador de Minas Gerais e comitiva até as Cidades de Ubá  e Juiz de Fora.;00:23:00;PP-LCE;0069-2026;DTA;02/04/2026;BELO HORIZONTE;UBA;Mateus Simões de Almeida;Governador de Minas Gerais;Secretaria-Geral do Estado de Minas Gerais
Traslado do Exmo Governador de Minas Gerais e comitiva até as Cidades de Ubá  e Juiz de Fora.;00:23:00;PP-LCE;0069-2026;DTA;02/04/2026;BELO HORIZONTE;UBA;Matheus Souza Fonseca;Assessor (a);Secretaria-Geral do Estado de Minas Gerais
Traslado do Exmo Governador de Minas Gerais e comitiva até as Cidades de Ubá  e Juiz de Fora.;00:23:00;PP-LCE;0069-2026;DTA;02/04/2026;BELO HORIZONTE;UBA;Weivel Maklis Gomes Freitas;Ajudante de Ordens do Governador;Gabinete Militar do Governador
Traslado do Exmo Governador de Minas Gerais e comitiva até as Cidades de Ubá  e Juiz de Fora.;00:24:00;PP-LCE;0070-2026;DTA;03/04/2026;UBA;BELO HORIZONTE;Castellar Modesto Guimarães Neto;Consultor de Articulação Política;Secretaria de Estado de Governo
Traslado do Exmo Governador de Minas Gerais e comitiva até as Cidades de Ubá  e Juiz de Fora.;00:24:00;PP-LCE;0070-2026;DTA;03/04/2026;UBA;BELO HORIZONTE;Marina Guimarães Silva Bitencourt;Assessor (a);Secretaria de Estado de Governo
Traslado do Exmo Governador de Minas Gerais e comitiva até as Cidades de Ubá  e Juiz de Fora.;00:24:00;PP-LCE;0070-2026;DTA;03/04/2026;UBA;BELO HORIZONTE;Mateus Simões de Almeida;Governador de Minas Gerais;Secretaria-Geral do Estado de Minas Gerais
Traslado do Exmo Governador de Minas Gerais e comitiva até as Cidades de Ubá  e Juiz de Fora.;00:24:00;PP-LCE;0070-2026;DTA;03/04/2026;UBA;BELO HORIZONTE;Matheus Souza Fonseca;Assessor (a);Secretaria-Geral do Estado de Minas Gerais
Traslado do Exmo Governador de Minas Gerais e comitiva até as Cidades de Ubá  e Juiz de Fora.;00:24:00;PP-LCE;0070-2026;DTA;03/04/2026;UBA;BELO HORIZONTE;Patrícia Fiúza Queiroz;Assessor (a);Secretaria-Geral do Estado de Minas Gerais
Traslado do Exmo Governador de Minas Gerais e comitiva até as Cidades de Ubá  e Juiz de Fora.;00:24:00;PP-LCE;0070-2026;DTA;03/04/2026;UBA;BELO HORIZONTE;Weivel Maklis Gomes Freitas;Ajudante de Ordens do Governador;Gabinete Militar do Governador
Traslado do Exmo. Sr. Governador do Estado de Minas Gerais e comitiva para a cidade de Leopoldina/MG.;00:37:00;PP-IEG;0072-2026;4ª BRAvE;03/04/2026;JUIZ DE FORA;UBA;;;
Traslado do Exmo. Sr. Governador do Estado de Minas Gerais e comitiva para a cidade de Leopoldina/MG.;00:17:00;PP-IEG;0073-2026;4ª BRAvE;03/04/2026;UBA;LEOPOLDINA;Castellar Modesto Guimarães Neto;Consultor de Articulação Política;Secretaria de Estado de Governo
Traslado do Exmo. Sr. Governador do Estado de Minas Gerais e comitiva para a cidade de Leopoldina/MG.;00:17:00;PP-IEG;0073-2026;4ª BRAvE;03/04/2026;UBA;LEOPOLDINA;Mateus Simões de Almeida;Governador de Minas Gerais;Secretaria-Geral do Estado de Minas Gerais
Traslado do Exmo. Sr. Governador do Estado de Minas Gerais e comitiva para a cidade de Leopoldina/MG.;00:17:00;PP-IEG;0073-2026;4ª BRAvE;03/04/2026;UBA;LEOPOLDINA;Matheus Souza Fonseca;Assessor (a);Secretaria-Geral do Estado de Minas Gerais
Traslado do Exmo. Sr. Governador do Estado de Minas Gerais e comitiva para a cidade de Leopoldina/MG.;00:17:00;PP-IEG;0073-2026;4ª BRAvE;03/04/2026;UBA;LEOPOLDINA;Weivel Maklis Gomes Freitas;Ajudante de Ordens do Governador;Gabinete Militar do Governador
Traslado do Exmo. Sr. Governador do Estado de Minas Gerais e comitiva para a cidade de Leopoldina/MG.;00:21:00;PP-IEG;0074-2026;4ª BRAvE;03/04/2026;LEOPOLDINA;UBA;Castellar Modesto Guimarães Neto;Consultor de Articulação Política;Secretaria de Estado de Governo
Traslado do Exmo. Sr. Governador do Estado de Minas Gerais e comitiva para a cidade de Leopoldina/MG.;00:21:00;PP-IEG;0074-2026;4ª BRAvE;03/04/2026;LEOPOLDINA;UBA;Mateus Simões de Almeida;Governador de Minas Gerais;Secretaria-Geral do Estado de Minas Gerais
Traslado do Exmo. Sr. Governador do Estado de Minas Gerais e comitiva para a cidade de Leopoldina/MG.;00:21:00;PP-IEG;0074-2026;4ª BRAvE;03/04/2026;LEOPOLDINA;UBA;Matheus Souza Fonseca;Assessor (a);Secretaria-Geral do Estado de Minas Gerais
Traslado do Exmo. Sr. Governador do Estado de Minas Gerais e comitiva para a cidade de Leopoldina/MG.;00:21:00;PP-IEG;0074-2026;4ª BRAvE;03/04/2026;LEOPOLDINA;UBA;Weivel Maklis Gomes Freitas;Ajudante de Ordens do Governador;Gabinete Militar do Governador
Traslado do Exmo. Sr. Governador do Estado de Minas Gerais e comitiva para a cidade de Leopoldina/MG.;00:29:00;PP-IEG;0075-2026;4ª BRAvE;03/04/2026;UBA;JUIZ DE FORA;;;
Traslado do Exmo. Governador de Minas Gerais e comitiva até o município de Pouso Alegre/MG.;00:48:00;PT-WGS;0084-2026;DTA;05/04/2026;BELO HORIZONTE;POUSO ALEGRE;Christiana Noronha Renault de Almeida;Presidente;Serviço Social Autonômo - SERVAS
Traslado do Exmo. Governador de Minas Gerais e comitiva até o município de Pouso Alegre/MG.;00:48:00;PT-WGS;0084-2026;DTA;05/04/2026;BELO HORIZONTE;POUSO ALEGRE;Larissa Rodrigues Dias;Chefe de Gabinete;Secretaria-Geral do Estado de Minas Gerais
Traslado do Exmo. Governador de Minas Gerais e comitiva até o município de Pouso Alegre/MG.;00:48:00;PT-WGS;0084-2026;DTA;05/04/2026;BELO HORIZONTE;POUSO ALEGRE;Luiz Henrique de Rezende;Ajudante de Ordens do Governador;Gabinete Militar do Governador
Traslado do Exmo. Governador de Minas Gerais e comitiva até o município de Pouso Alegre/MG.;00:48:00;PT-WGS;0084-2026;DTA;05/04/2026;BELO HORIZONTE;POUSO ALEGRE;Mateus Simões de Almeida;Governador de Minas Gerais;Secretaria-Geral do Estado de Minas Gerais
Traslado do Exmo. Governador de Minas Gerais e comitiva até o município de Pouso Alegre/MG.;00:48:00;PT-WGS;0084-2026;DTA;05/04/2026;BELO HORIZONTE;POUSO ALEGRE;Matheus Souza Fonseca;Assessor (a);Secretaria-Geral do Estado de Minas Gerais
Traslado do Exmo. Governador de Minas Gerais e comitiva até o município de Pouso Alegre/MG.;00:48:00;PT-WGS;0085-2026;DTA;06/04/2026;POUSO ALEGRE;BELO HORIZONTE;Larissa Rodrigues Dias;Chefe de Gabinete;Secretaria-Geral do Estado de Minas Gerais
Traslado do Exmo. Governador de Minas Gerais e comitiva até o município de Pouso Alegre/MG.;00:48:00;PT-WGS;0086-2026;DTA;06/04/2026;BELO HORIZONTE;POUSO ALEGRE;Cássia Amorim Ximenes de Souza;Secretária de Estado;Secretaria de Estado de Comunicação Social
Traslado do Exmo. Governador de Minas Gerais e comitiva até o município de Pouso Alegre/MG.;00:48:00;PT-WGS;0086-2026;DTA;06/04/2026;BELO HORIZONTE;POUSO ALEGRE;Castellar Modesto Guimarães Neto;Consultor de Articulação Política;Secretaria de Estado de Governo
Traslado do Exmo. Governador de Minas Gerais e comitiva até o município de Pouso Alegre/MG.;00:48:00;PT-WGS;0086-2026;DTA;06/04/2026;BELO HORIZONTE;POUSO ALEGRE;Francine Lima Silva;Assessora/Cerimonialista ;Secretaria de Estado de Governo
Traslado do Exmo. Governador de Minas Gerais e comitiva até o município de Pouso Alegre/MG.;00:48:00;PT-WGS;0087-2026;DTA;07/04/2026;POUSO ALEGRE;BELO HORIZONTE;Cássia Amorim Ximenes de Souza;Secretária de Estado;Secretaria de Estado de Comunicação Social
Traslado do Exmo. Governador de Minas Gerais e comitiva até o município de Pouso Alegre/MG.;00:48:00;PT-WGS;0087-2026;DTA;07/04/2026;POUSO ALEGRE;BELO HORIZONTE;Cássio Antonio Ferreira Soares;Deputado(a) Estadual;Assembleia Legislativa do Estado de Minas Gerais
Traslado do Exmo. Governador de Minas Gerais e comitiva até o município de Pouso Alegre/MG.;00:48:00;PT-WGS;0087-2026;DTA;07/04/2026;POUSO ALEGRE;BELO HORIZONTE;Castellar Modesto Guimarães Neto;Consultor de Articulação Política;Secretaria de Estado de Governo
Traslado do Exmo. Governador de Minas Gerais e comitiva até o município de Pouso Alegre/MG.;00:48:00;PT-WGS;0087-2026;DTA;07/04/2026;POUSO ALEGRE;BELO HORIZONTE;Christiana Noronha Renault de Almeida;Presidente;Serviço Social Autonômo - SERVAS
Traslado do Exmo. Governador de Minas Gerais e comitiva até o município de Pouso Alegre/MG.;00:48:00;PT-WGS;0087-2026;DTA;07/04/2026;POUSO ALEGRE;BELO HORIZONTE;Francine Lima Silva;Assessora/Cerimonialista ;Secretaria de Estado de Governo
Traslado do Exmo. Governador de Minas Gerais e comitiva até o município de Pouso Alegre/MG.;00:48:00;PT-WGS;0087-2026;DTA;07/04/2026;POUSO ALEGRE;BELO HORIZONTE;Luiz Henrique de Rezende;Ajudante de Ordens do Governador;Gabinete Militar do Governador
Traslado do Exmo. Governador de Minas Gerais e comitiva até o município de Pouso Alegre/MG.;00:48:00;PT-WGS;0087-2026;DTA;07/04/2026;POUSO ALEGRE;BELO HORIZONTE;Mateus Simões de Almeida;Governador de Minas Gerais;Secretaria-Geral do Estado de Minas Gerais
Traslado do Exmo. Sr. Governador do Estado de Minas Gerais e comitiva para as cidades de Poços de Caldas/MG e Guaxupé/MG;00:42:00;PP-LCE;0073-2026;DTA;08/04/2026;BELO HORIZONTE;POCOS DE CALDAS;Castellar Modesto Guimarães Neto;Consultor de Articulação Política;Secretaria de Estado de Governo
Traslado do Exmo. Sr. Governador do Estado de Minas Gerais e comitiva para as cidades de Poços de Caldas/MG e Guaxupé/MG;00:42:00;PP-LCE;0073-2026;DTA;08/04/2026;BELO HORIZONTE;POCOS DE CALDAS;Francine Lima Silva;Assessora/Cerimonialista ;Secretaria de Estado de Governo
Traslado do Exmo. Sr. Governador do Estado de Minas Gerais e comitiva para as cidades de Poços de Caldas/MG e Guaxupé/MG;00:42:00;PP-LCE;0073-2026;DTA;08/04/2026;BELO HORIZONTE;POCOS DE CALDAS;Mateus Simões de Almeida;Governador de Minas Gerais;Secretaria-Geral do Estado de Minas Gerais
Traslado do Exmo. Sr. Governador do Estado de Minas Gerais e comitiva para as cidades de Poços de Caldas/MG e Guaxupé/MG;00:42:00;PP-LCE;0073-2026;DTA;08/04/2026;BELO HORIZONTE;POCOS DE CALDAS;Patrícia Fiúza Queiroz;Assessor (a);Secretaria-Geral do Estado de Minas Gerais
Traslado do Exmo. Sr. Governador do Estado de Minas Gerais e comitiva para as cidades de Poços de Caldas/MG e Guaxupé/MG;00:42:00;PP-LCE;0073-2026;DTA;08/04/2026;BELO HORIZONTE;POCOS DE CALDAS;Weivel Maklis Gomes Freitas;Ajudante de Ordens do Governador;Gabinete Militar do Governador
Traslado do Exmo. Sr. Governador do Estado de Minas Gerais e comitiva para as cidades de Poços de Caldas/MG e Guaxupé/MG;00:42:00;PP-LCE;0074-2026;DTA;09/04/2026;POCOS DE CALDAS;BELO HORIZONTE;;;
Traslado do Exmo. Sr. Governador do Estado de Minas Gerais e comitiva para as cidades de Poços de Caldas/MG e Guaxupé/MG;00:42:00;PP-LCE;0075-2026;DTA;10/04/2026;BELO HORIZONTE;POCOS DE CALDAS;Castellar Modesto Guimarães Neto;Consultor de Articulação Política;Secretaria de Estado de Governo
Traslado do Exmo. Sr. Governador do Estado de Minas Gerais e comitiva para as cidades de Poços de Caldas/MG e Guaxupé/MG;00:42:00;PP-LCE;0075-2026;DTA;10/04/2026;BELO HORIZONTE;POCOS DE CALDAS;Fábio Murilo Nazar;Advogado-Geral do Estado;Advocacia-Geral do Estado de Minas Gerais
Traslado do Exmo. Sr. Governador do Estado de Minas Gerais e comitiva para as cidades de Poços de Caldas/MG e Guaxupé/MG;00:42:00;PP-LCE;0075-2026;DTA;10/04/2026;BELO HORIZONTE;POCOS DE CALDAS;Letícia Baptista Gamboge Reis;Delegada-Geral;Polícia Civil do Estado de Minas Gerais
Traslado do Exmo. Sr. Governador do Estado de Minas Gerais e comitiva para as cidades de Poços de Caldas/MG e Guaxupé/MG;00:42:00;PP-LCE;0075-2026;DTA;10/04/2026;BELO HORIZONTE;POCOS DE CALDAS;Paulo Roberto Bermudes Rezende;Chefe;Gabinete Militar do Governador
Traslado do Exmo. Sr. Governador do Estado de Minas Gerais e comitiva para as cidades de Poços de Caldas/MG e Guaxupé/MG;00:42:00;PP-LCE;0075-2026;DTA;10/04/2026;BELO HORIZONTE;POCOS DE CALDAS;Vitor De Almeida Bracarense;Escrivão de polícia;Não Informado
Traslado do Exmo. Sr. Governador do Estado de Minas Gerais e comitiva para as cidades de Poços de Caldas/MG e Guaxupé/MG;00:42:00;PP-LCE;0076-2026;DTA;11/04/2026;POCOS DE CALDAS;BELO HORIZONTE;Antônio Carlos Arantes;Deputado(a) Estadual;Assembleia Legislativa do Estado de Minas Gerais
Traslado do Exmo. Sr. Governador do Estado de Minas Gerais e comitiva para as cidades de Poços de Caldas/MG e Guaxupé/MG;00:42:00;PP-LCE;0076-2026;DTA;11/04/2026;POCOS DE CALDAS;BELO HORIZONTE;Castellar Modesto Guimarães Neto;Consultor de Articulação Política;Secretaria de Estado de Governo
Traslado do Exmo. Sr. Governador do Estado de Minas Gerais e comitiva para as cidades de Poços de Caldas/MG e Guaxupé/MG;00:42:00;PP-LCE;0076-2026;DTA;11/04/2026;POCOS DE CALDAS;BELO HORIZONTE;Francine Lima Silva;Assessora/Cerimonialista ;Secretaria de Estado de Governo
Traslado do Exmo. Sr. Governador do Estado de Minas Gerais e comitiva para as cidades de Poços de Caldas/MG e Guaxupé/MG;00:42:00;PP-LCE;0076-2026;DTA;11/04/2026;POCOS DE CALDAS;BELO HORIZONTE;Mateus Simões de Almeida;Governador de Minas Gerais;Secretaria-Geral do Estado de Minas Gerais
Traslado do Exmo. Sr. Governador do Estado de Minas Gerais e comitiva para as cidades de Poços de Caldas/MG e Guaxupé/MG;00:42:00;PP-LCE;0076-2026;DTA;11/04/2026;POCOS DE CALDAS;BELO HORIZONTE;Matheus Souza Fonseca;Assessor (a);Secretaria-Geral do Estado de Minas Gerais
Traslado do Exmo. Sr. Governador do Estado de Minas Gerais e comitiva para as cidades de Poços de Caldas/MG e Guaxupé/MG;00:42:00;PP-LCE;0076-2026;DTA;11/04/2026;POCOS DE CALDAS;BELO HORIZONTE;Patrícia Fiúza Queiroz;Assessor (a);Secretaria-Geral do Estado de Minas Gerais
Traslado do Exmo. Sr. Governador do Estado de Minas Gerais e comitiva para as cidades de Poços de Caldas/MG e Guaxupé/MG;00:42:00;PP-LCE;0076-2026;DTA;11/04/2026;POCOS DE CALDAS;BELO HORIZONTE;Weivel Maklis Gomes Freitas;Ajudante de Ordens do Governador;Gabinete Militar do Governador
Traslado do Exmo. Sr. Governador do Estado de Minas Gerais e comitiva para as Diamantina/MG, São Paulo/SP e outras.;00:24:00;PP-LCE;0077-2026;DTA;12/04/2026;BELO HORIZONTE;DIAMANTINA;Castellar Modesto Guimarães Neto;Consultor de Articulação Política;Secretaria de Estado de Governo
Traslado do Exmo. Sr. Governador do Estado de Minas Gerais e comitiva para as Diamantina/MG, São Paulo/SP e outras.;00:24:00;PP-LCE;0077-2026;DTA;12/04/2026;BELO HORIZONTE;DIAMANTINA;Christiana Noronha Renault de Almeida;Presidente;Serviço Social Autonômo - SERVAS
Traslado do Exmo. Sr. Governador do Estado de Minas Gerais e comitiva para as Diamantina/MG, São Paulo/SP e outras.;00:24:00;PP-LCE;0077-2026;DTA;12/04/2026;BELO HORIZONTE;DIAMANTINA;Francine Lima Silva;Assessora/Cerimonialista ;Secretaria de Estado de Governo
Traslado do Exmo. Sr. Governador do Estado de Minas Gerais e comitiva para as Diamantina/MG, São Paulo/SP e outras.;00:24:00;PP-LCE;0077-2026;DTA;12/04/2026;BELO HORIZONTE;DIAMANTINA;Lucas Tadeu Bonaccorsi;Ajudante de Ordens do Governador ;Gabinete Militar do Governador
Traslado do Exmo. Sr. Governador do Estado de Minas Gerais e comitiva para as Diamantina/MG, São Paulo/SP e outras.;00:24:00;PP-LCE;0077-2026;DTA;12/04/2026;BELO HORIZONTE;DIAMANTINA;Mateus Simões de Almeida;Governador de Minas Gerais;Secretaria-Geral do Estado de Minas Gerais
Traslado do Exmo. Sr. Governador do Estado de Minas Gerais e comitiva para as Diamantina/MG, São Paulo/SP e outras.;00:24:00;PP-LCE;0077-2026;DTA;12/04/2026;BELO HORIZONTE;DIAMANTINA;Matheus Souza Fonseca;Assessor (a);Secretaria-Geral do Estado de Minas Gerais
Traslado do Exmo. Sr. Governador do Estado de Minas Gerais e comitiva para as Diamantina/MG, São Paulo/SP e outras.;01:18:00;PP-LCE;0078-2026;DTA;13/04/2026;DIAMANTINA;SAO PAULO;Andre Valadares da Cruz;Videomaker;Secretaria de Estado de Comunicação Social
Traslado do Exmo. Sr. Governador do Estado de Minas Gerais e comitiva para as Diamantina/MG, São Paulo/SP e outras.;01:18:00;PP-LCE;0078-2026;DTA;13/04/2026;DIAMANTINA;SAO PAULO;Lucas Tadeu Bonaccorsi;Ajudante de Ordens do Governador ;Gabinete Militar do Governador
Traslado do Exmo. Sr. Governador do Estado de Minas Gerais e comitiva para as Diamantina/MG, São Paulo/SP e outras.;01:18:00;PP-LCE;0078-2026;DTA;13/04/2026;DIAMANTINA;SAO PAULO;Mateus Simões de Almeida;Governador de Minas Gerais;Secretaria-Geral do Estado de Minas Gerais
Traslado do Exmo. Sr. Governador do Estado de Minas Gerais e comitiva para as Diamantina/MG, São Paulo/SP e outras.;01:18:00;PP-LCE;0078-2026;DTA;13/04/2026;DIAMANTINA;SAO PAULO;Matheus Souza Fonseca;Assessor (a);Secretaria-Geral do Estado de Minas Gerais
Traslado do Exmo. Sr. Governador do Estado de Minas Gerais e comitiva para as cidades de Diamantina/MG, Serra Azul, Capelinha, Chapada do Norte, e Araçuaí/MG.;00:54:00;PR-DTG;0041-2026;DTA;14/04/2026;BELO HORIZONTE;DIAMANTINA;;;
Traslado do Exmo. Sr. Governador do Estado de Minas Gerais e comitiva para as cidades de Diamantina/MG, Serra Azul, Capelinha, Chapada do Norte, e Araçuaí/MG.;00:15:00;PR-DTG;0042-2026;DTA;14/04/2026;DIAMANTINA;SERRA AZUL DE MINAS;Andre Valadares da Cruz;Videomaker;Secretaria de Estado de Comunicação Social
Traslado do Exmo. Sr. Governador do Estado de Minas Gerais e comitiva para as cidades de Diamantina/MG, Serra Azul, Capelinha, Chapada do Norte, e Araçuaí/MG.;00:15:00;PR-DTG;0042-2026;DTA;14/04/2026;DIAMANTINA;SERRA AZUL DE MINAS;Christiana Noronha Renault de Almeida;Presidente;Serviço Social Autonômo - SERVAS
Traslado do Exmo. Sr. Governador do Estado de Minas Gerais e comitiva para as cidades de Diamantina/MG, Serra Azul, Capelinha, Chapada do Norte, e Araçuaí/MG.;00:15:00;PR-DTG;0042-2026;DTA;14/04/2026;DIAMANTINA;SERRA AZUL DE MINAS;Lucas Tadeu Bonaccorsi;Ajudante de Ordens do Governador ;Gabinete Militar do Governador
Traslado do Exmo. Sr. Governador do Estado de Minas Gerais e comitiva para as cidades de Diamantina/MG, Serra Azul, Capelinha, Chapada do Norte, e Araçuaí/MG.;00:15:00;PR-DTG;0042-2026;DTA;14/04/2026;DIAMANTINA;SERRA AZUL DE MINAS;Mateus Simões de Almeida;Governador de Minas Gerais;Secretaria-Geral do Estado de Minas Gerais
Traslado do Exmo. Sr. Governador do Estado de Minas Gerais e comitiva para as cidades de Diamantina/MG, Serra Azul, Capelinha, Chapada do Norte, e Araçuaí/MG.;00:15:00;PR-DTG;0042-2026;DTA;14/04/2026;DIAMANTINA;SERRA AZUL DE MINAS;Matheus Souza Fonseca;Assessor (a);Secretaria-Geral do Estado de Minas Gerais
Traslado do Exmo. Sr. Governador do Estado de Minas Gerais e comitiva para as cidades de Diamantina/MG, Serra Azul, Capelinha, Chapada do Norte, e Araçuaí/MG.;00:08:00;PR-DTG;0043-2026;DTA;14/04/2026;SERRA AZUL DE MINAS;SANTO ANTÔNIO DO ITAMBÉ;Andre Valadares da Cruz;Videomaker;Secretaria de Estado de Comunicação Social
Traslado do Exmo. Sr. Governador do Estado de Minas Gerais e comitiva para as cidades de Diamantina/MG, Serra Azul, Capelinha, Chapada do Norte, e Araçuaí/MG.;00:08:00;PR-DTG;0043-2026;DTA;14/04/2026;SERRA AZUL DE MINAS;SANTO ANTÔNIO DO ITAMBÉ;Christiana Noronha Renault de Almeida;Presidente;Serviço Social Autonômo - SERVAS
Traslado do Exmo. Sr. Governador do Estado de Minas Gerais e comitiva para as cidades de Diamantina/MG, Serra Azul, Capelinha, Chapada do Norte, e Araçuaí/MG.;00:08:00;PR-DTG;0043-2026;DTA;14/04/2026;SERRA AZUL DE MINAS;SANTO ANTÔNIO DO ITAMBÉ;Lucas Tadeu Bonaccorsi;Ajudante de Ordens do Governador ;Gabinete Militar do Governador
Traslado do Exmo. Sr. Governador do Estado de Minas Gerais e comitiva para as cidades de Diamantina/MG, Serra Azul, Capelinha, Chapada do Norte, e Araçuaí/MG.;00:08:00;PR-DTG;0043-2026;DTA;14/04/2026;SERRA AZUL DE MINAS;SANTO ANTÔNIO DO ITAMBÉ;Mateus Simões de Almeida;Governador de Minas Gerais;Secretaria-Geral do Estado de Minas Gerais
Traslado do Exmo. Sr. Governador do Estado de Minas Gerais e comitiva para as cidades de Diamantina/MG, Serra Azul, Capelinha, Chapada do Norte, e Araçuaí/MG.;00:08:00;PR-DTG;0043-2026;DTA;14/04/2026;SERRA AZUL DE MINAS;SANTO ANTÔNIO DO ITAMBÉ;Matheus Souza Fonseca;Assessor (a);Secretaria-Geral do Estado de Minas Gerais
Traslado do Exmo. Sr. Governador do Estado de Minas Gerais e comitiva para as cidades de Diamantina/MG, Serra Azul, Capelinha, Chapada do Norte, e Araçuaí/MG.;00:08:00;PR-DTG;0043-2026;DTA;14/04/2026;SERRA AZUL DE MINAS;SANTO ANTÔNIO DO ITAMBÉ;Mayra Rodrigues Tupinambás;Cerimonial;Secretaria-Geral do Estado de Minas Gerais
Traslado do Exmo. Sr. Governador do Estado de Minas Gerais e comitiva para as cidades de Diamantina/MG, Serra Azul, Capelinha, Chapada do Norte, e Araçuaí/MG.;00:14:00;PR-DTG;0044-2026;DTA;14/04/2026;SANTO ANTÔNIO DO ITAMBÉ;DIAMANTINA;Andre Valadares da Cruz;Videomaker;Secretaria de Estado de Comunicação Social
Traslado do Exmo. Sr. Governador do Estado de Minas Gerais e comitiva para as cidades de Diamantina/MG, Serra Azul, Capelinha, Chapada do Norte, e Araçuaí/MG.;00:14:00;PR-DTG;0044-2026;DTA;14/04/2026;SANTO ANTÔNIO DO ITAMBÉ;DIAMANTINA;Christiana Noronha Renault de Almeida;Presidente;Serviço Social Autonômo - SERVAS
Traslado do Exmo. Sr. Governador do Estado de Minas Gerais e comitiva para as cidades de Diamantina/MG, Serra Azul, Capelinha, Chapada do Norte, e Araçuaí/MG.;00:14:00;PR-DTG;0044-2026;DTA;14/04/2026;SANTO ANTÔNIO DO ITAMBÉ;DIAMANTINA;Lucas Tadeu Bonaccorsi;Ajudante de Ordens do Governador ;Gabinete Militar do Governador
Traslado do Exmo. Sr. Governador do Estado de Minas Gerais e comitiva para as cidades de Diamantina/MG, Serra Azul, Capelinha, Chapada do Norte, e Araçuaí/MG.;00:14:00;PR-DTG;0044-2026;DTA;14/04/2026;SANTO ANTÔNIO DO ITAMBÉ;DIAMANTINA;Mateus Simões de Almeida;Governador de Minas Gerais;Secretaria-Geral do Estado de Minas Gerais
Traslado do Exmo. Sr. Governador do Estado de Minas Gerais e comitiva para as cidades de Diamantina/MG, Serra Azul, Capelinha, Chapada do Norte, e Araçuaí/MG.;00:14:00;PR-DTG;0044-2026;DTA;14/04/2026;SANTO ANTÔNIO DO ITAMBÉ;DIAMANTINA;Matheus Souza Fonseca;Assessor (a);Secretaria-Geral do Estado de Minas Gerais
Traslado do Exmo. Sr. Governador do Estado de Minas Gerais e comitiva para as Diamantina/MG, São Paulo/SP e outras.;01:06:00;PP-LCE;0079-2026;DTA;14/04/2026;SAO PAULO;DIAMANTINA;Andre Valadares da Cruz;Videomaker;Secretaria de Estado de Comunicação Social
Traslado do Exmo. Sr. Governador do Estado de Minas Gerais e comitiva para as Diamantina/MG, São Paulo/SP e outras.;01:06:00;PP-LCE;0079-2026;DTA;14/04/2026;SAO PAULO;DIAMANTINA;Lucas Tadeu Bonaccorsi;Ajudante de Ordens do Governador ;Gabinete Militar do Governador
Traslado do Exmo. Sr. Governador do Estado de Minas Gerais e comitiva para as Diamantina/MG, São Paulo/SP e outras.;01:06:00;PP-LCE;0079-2026;DTA;14/04/2026;SAO PAULO;DIAMANTINA;Mateus Simões de Almeida;Governador de Minas Gerais;Secretaria-Geral do Estado de Minas Gerais
Traslado do Exmo. Sr. Governador do Estado de Minas Gerais e comitiva para as Diamantina/MG, São Paulo/SP e outras.;01:06:00;PP-LCE;0079-2026;DTA;14/04/2026;SAO PAULO;DIAMANTINA;Matheus Souza Fonseca;Assessor (a);Secretaria-Geral do Estado de Minas Gerais
Traslado do Exmo. Sr. Governador do Estado de Minas Gerais e comitiva para as cidades de Diamantina/MG, Serra Azul, Capelinha, Chapada do Norte, e Araçuaí/MG.;00:36:00;PR-DTG;0045-2026;DTA;15/04/2026;DIAMANTINA;CAPELINHA;Andre Valadares da Cruz;Videomaker;Secretaria de Estado de Comunicação Social
Traslado do Exmo. Sr. Governador do Estado de Minas Gerais e comitiva para as cidades de Diamantina/MG, Serra Azul, Capelinha, Chapada do Norte, e Araçuaí/MG.;00:36:00;PR-DTG;0045-2026;DTA;15/04/2026;DIAMANTINA;CAPELINHA;Christiana Noronha Renault de Almeida;Presidente;Serviço Social Autonômo - SERVAS
Traslado do Exmo. Sr. Governador do Estado de Minas Gerais e comitiva para as cidades de Diamantina/MG, Serra Azul, Capelinha, Chapada do Norte, e Araçuaí/MG.;00:36:00;PR-DTG;0045-2026;DTA;15/04/2026;DIAMANTINA;CAPELINHA;Lucas Tadeu Bonaccorsi;Ajudante de Ordens do Governador ;Gabinete Militar do Governador
Traslado do Exmo. Sr. Governador do Estado de Minas Gerais e comitiva para as cidades de Diamantina/MG, Serra Azul, Capelinha, Chapada do Norte, e Araçuaí/MG.;00:36:00;PR-DTG;0045-2026;DTA;15/04/2026;DIAMANTINA;CAPELINHA;Mateus Simões de Almeida;Governador de Minas Gerais;Secretaria-Geral do Estado de Minas Gerais
Traslado do Exmo. Sr. Governador do Estado de Minas Gerais e comitiva para as cidades de Diamantina/MG, Serra Azul, Capelinha, Chapada do Norte, e Araçuaí/MG.;00:36:00;PR-DTG;0045-2026;DTA;15/04/2026;DIAMANTINA;CAPELINHA;Matheus Souza Fonseca;Assessor (a);Secretaria-Geral do Estado de Minas Gerais
Traslado do Exmo. Sr. Governador do Estado de Minas Gerais e comitiva para as cidades de Diamantina/MG, Serra Azul, Capelinha, Chapada do Norte, e Araçuaí/MG.;00:14:00;PR-DTG;0046-2026;DTA;15/04/2026;CAPELINHA;TURMALINA;Andre Valadares da Cruz;Videomaker;Secretaria de Estado de Comunicação Social
Traslado do Exmo. Sr. Governador do Estado de Minas Gerais e comitiva para as cidades de Diamantina/MG, Serra Azul, Capelinha, Chapada do Norte, e Araçuaí/MG.;00:14:00;PR-DTG;0046-2026;DTA;15/04/2026;CAPELINHA;TURMALINA;Christiana Noronha Renault de Almeida;Presidente;Serviço Social Autonômo - SERVAS
Traslado do Exmo. Sr. Governador do Estado de Minas Gerais e comitiva para as cidades de Diamantina/MG, Serra Azul, Capelinha, Chapada do Norte, e Araçuaí/MG.;00:14:00;PR-DTG;0046-2026;DTA;15/04/2026;CAPELINHA;TURMALINA;Lucas Tadeu Bonaccorsi;Ajudante de Ordens do Governador ;Gabinete Militar do Governador
Traslado do Exmo. Sr. Governador do Estado de Minas Gerais e comitiva para as cidades de Diamantina/MG, Serra Azul, Capelinha, Chapada do Norte, e Araçuaí/MG.;00:14:00;PR-DTG;0046-2026;DTA;15/04/2026;CAPELINHA;TURMALINA;Mateus Simões de Almeida;Governador de Minas Gerais;Secretaria-Geral do Estado de Minas Gerais
Traslado do Exmo. Sr. Governador do Estado de Minas Gerais e comitiva para as cidades de Diamantina/MG, Serra Azul, Capelinha, Chapada do Norte, e Araçuaí/MG.;00:14:00;PR-DTG;0046-2026;DTA;15/04/2026;CAPELINHA;TURMALINA;Matheus Souza Fonseca;Assessor (a);Secretaria-Geral do Estado de Minas Gerais
Traslado do Exmo. Sr. Governador do Estado de Minas Gerais e comitiva para as cidades de Diamantina/MG, Serra Azul, Capelinha, Chapada do Norte, e Araçuaí/MG.;00:21:00;PR-DTG;0047-2026;DTA;15/04/2026;TURMALINA;ARACUAI;Andre Valadares da Cruz;Videomaker;Secretaria de Estado de Comunicação Social
Traslado do Exmo. Sr. Governador do Estado de Minas Gerais e comitiva para as cidades de Diamantina/MG, Serra Azul, Capelinha, Chapada do Norte, e Araçuaí/MG.;00:21:00;PR-DTG;0047-2026;DTA;15/04/2026;TURMALINA;ARACUAI;Christiana Noronha Renault de Almeida;Presidente;Serviço Social Autonômo - SERVAS
Traslado do Exmo. Sr. Governador do Estado de Minas Gerais e comitiva para as cidades de Diamantina/MG, Serra Azul, Capelinha, Chapada do Norte, e Araçuaí/MG.;00:21:00;PR-DTG;0047-2026;DTA;15/04/2026;TURMALINA;ARACUAI;Lucas Tadeu Bonaccorsi;Ajudante de Ordens do Governador ;Gabinete Militar do Governador
Traslado do Exmo. Sr. Governador do Estado de Minas Gerais e comitiva para as cidades de Diamantina/MG, Serra Azul, Capelinha, Chapada do Norte, e Araçuaí/MG.;00:21:00;PR-DTG;0047-2026;DTA;15/04/2026;TURMALINA;ARACUAI;Mateus Simões de Almeida;Governador de Minas Gerais;Secretaria-Geral do Estado de Minas Gerais
Traslado do Exmo. Sr. Governador do Estado de Minas Gerais e comitiva para as cidades de Diamantina/MG, Serra Azul, Capelinha, Chapada do Norte, e Araçuaí/MG.;00:21:00;PR-DTG;0047-2026;DTA;15/04/2026;TURMALINA;ARACUAI;Matheus Souza Fonseca;Assessor (a);Secretaria-Geral do Estado de Minas Gerais
Traslado do Exmo. Sr. Governador do Estado de Minas Gerais e comitiva para as cidades de Diamantina/MG, Serra Azul, Capelinha, Chapada do Norte, e Araçuaí/MG.;00:57:00;PR-DTG;0048-2026;DTA;15/04/2026;ARACUAI;DIAMANTINA;Andre Valadares da Cruz;Videomaker;Secretaria de Estado de Comunicação Social
Traslado do Exmo. Sr. Governador do Estado de Minas Gerais e comitiva para as cidades de Diamantina/MG, Serra Azul, Capelinha, Chapada do Norte, e Araçuaí/MG.;00:57:00;PR-DTG;0048-2026;DTA;15/04/2026;ARACUAI;DIAMANTINA;Christiana Noronha Renault de Almeida;Presidente;Serviço Social Autonômo - SERVAS
Traslado do Exmo. Sr. Governador do Estado de Minas Gerais e comitiva para as cidades de Diamantina/MG, Serra Azul, Capelinha, Chapada do Norte, e Araçuaí/MG.;00:57:00;PR-DTG;0048-2026;DTA;15/04/2026;ARACUAI;DIAMANTINA;Lucas Tadeu Bonaccorsi;Ajudante de Ordens do Governador ;Gabinete Militar do Governador
Traslado do Exmo. Sr. Governador do Estado de Minas Gerais e comitiva para as cidades de Diamantina/MG, Serra Azul, Capelinha, Chapada do Norte, e Araçuaí/MG.;00:57:00;PR-DTG;0048-2026;DTA;15/04/2026;ARACUAI;DIAMANTINA;Mateus Simões de Almeida;Governador de Minas Gerais;Secretaria-Geral do Estado de Minas Gerais
Traslado do Exmo. Sr. Governador do Estado de Minas Gerais e comitiva para as cidades de Diamantina/MG, Serra Azul, Capelinha, Chapada do Norte, e Araçuaí/MG.;00:57:00;PR-DTG;0048-2026;DTA;15/04/2026;ARACUAI;DIAMANTINA;Matheus Souza Fonseca;Assessor (a);Secretaria-Geral do Estado de Minas Gerais
Traslado do Exmo. Sr. Governador do Estado de Minas Gerais e comitiva para as cidades de Diamantina/MG, Serra Azul, Capelinha, Chapada do Norte, e Araçuaí/MG.;00:24:00;PR-DTG;0049-2026;DTA;16/04/2026;DIAMANTINA;CONCEIÇÃO DO MATO DENTRO;Andre Valadares da Cruz;Videomaker;Secretaria de Estado de Comunicação Social
Traslado do Exmo. Sr. Governador do Estado de Minas Gerais e comitiva para as cidades de Diamantina/MG, Serra Azul, Capelinha, Chapada do Norte, e Araçuaí/MG.;00:24:00;PR-DTG;0049-2026;DTA;16/04/2026;DIAMANTINA;CONCEIÇÃO DO MATO DENTRO;Christiana Noronha Renault de Almeida;Presidente;Serviço Social Autonômo - SERVAS
Traslado do Exmo. Sr. Governador do Estado de Minas Gerais e comitiva para as cidades de Diamantina/MG, Serra Azul, Capelinha, Chapada do Norte, e Araçuaí/MG.;00:24:00;PR-DTG;0049-2026;DTA;16/04/2026;DIAMANTINA;CONCEIÇÃO DO MATO DENTRO;Lucas Tadeu Bonaccorsi;Ajudante de Ordens do Governador ;Gabinete Militar do Governador
Traslado do Exmo. Sr. Governador do Estado de Minas Gerais e comitiva para as cidades de Diamantina/MG, Serra Azul, Capelinha, Chapada do Norte, e Araçuaí/MG.;00:24:00;PR-DTG;0049-2026;DTA;16/04/2026;DIAMANTINA;CONCEIÇÃO DO MATO DENTRO;Mateus Simões de Almeida;Governador de Minas Gerais;Secretaria-Geral do Estado de Minas Gerais
Traslado do Exmo. Sr. Governador do Estado de Minas Gerais e comitiva para as cidades de Diamantina/MG, Serra Azul, Capelinha, Chapada do Norte, e Araçuaí/MG.;00:24:00;PR-DTG;0049-2026;DTA;16/04/2026;DIAMANTINA;CONCEIÇÃO DO MATO DENTRO;Matheus Souza Fonseca;Assessor (a);Secretaria-Geral do Estado de Minas Gerais
Traslado do Exmo. Sr. Governador do Estado de Minas Gerais e comitiva para as cidades de Diamantina/MG, Serra Azul, Capelinha, Chapada do Norte, e Araçuaí/MG.;00:13:00;PR-DTG;0050-2026;DTA;16/04/2026;CONCEIÇÃO DO MATO DENTRO;SERRO;Andre Valadares da Cruz;Videomaker;Secretaria de Estado de Comunicação Social
Traslado do Exmo. Sr. Governador do Estado de Minas Gerais e comitiva para as cidades de Diamantina/MG, Serra Azul, Capelinha, Chapada do Norte, e Araçuaí/MG.;00:13:00;PR-DTG;0050-2026;DTA;16/04/2026;CONCEIÇÃO DO MATO DENTRO;SERRO;Christiana Noronha Renault de Almeida;Presidente;Serviço Social Autonômo - SERVAS
Traslado do Exmo. Sr. Governador do Estado de Minas Gerais e comitiva para as cidades de Diamantina/MG, Serra Azul, Capelinha, Chapada do Norte, e Araçuaí/MG.;00:13:00;PR-DTG;0050-2026;DTA;16/04/2026;CONCEIÇÃO DO MATO DENTRO;SERRO;Lucas Tadeu Bonaccorsi;Ajudante de Ordens do Governador ;Gabinete Militar do Governador
Traslado do Exmo. Sr. Governador do Estado de Minas Gerais e comitiva para as cidades de Diamantina/MG, Serra Azul, Capelinha, Chapada do Norte, e Araçuaí/MG.;00:13:00;PR-DTG;0050-2026;DTA;16/04/2026;CONCEIÇÃO DO MATO DENTRO;SERRO;Mateus Simões de Almeida;Governador de Minas Gerais;Secretaria-Geral do Estado de Minas Gerais
Traslado do Exmo. Sr. Governador do Estado de Minas Gerais e comitiva para as cidades de Diamantina/MG, Serra Azul, Capelinha, Chapada do Norte, e Araçuaí/MG.;00:13:00;PR-DTG;0050-2026;DTA;16/04/2026;CONCEIÇÃO DO MATO DENTRO;SERRO;Matheus Souza Fonseca;Assessor (a);Secretaria-Geral do Estado de Minas Gerais
Traslado do Exmo. Sr. Governador do Estado de Minas Gerais e comitiva para as cidades de Diamantina/MG, Serra Azul, Capelinha, Chapada do Norte, e Araçuaí/MG.;00:12:00;PR-DTG;0051-2026;DTA;16/04/2026;SERRO;DIAMANTINA;Andre Valadares da Cruz;Videomaker;Secretaria de Estado de Comunicação Social
Traslado do Exmo. Sr. Governador do Estado de Minas Gerais e comitiva para as cidades de Diamantina/MG, Serra Azul, Capelinha, Chapada do Norte, e Araçuaí/MG.;00:12:00;PR-DTG;0051-2026;DTA;16/04/2026;SERRO;DIAMANTINA;Christiana Noronha Renault de Almeida;Presidente;Serviço Social Autonômo - SERVAS
Traslado do Exmo. Sr. Governador do Estado de Minas Gerais e comitiva para as cidades de Diamantina/MG, Serra Azul, Capelinha, Chapada do Norte, e Araçuaí/MG.;00:12:00;PR-DTG;0051-2026;DTA;16/04/2026;SERRO;DIAMANTINA;Lucas Tadeu Bonaccorsi;Ajudante de Ordens do Governador ;Gabinete Militar do Governador
Traslado do Exmo. Sr. Governador do Estado de Minas Gerais e comitiva para as cidades de Diamantina/MG, Serra Azul, Capelinha, Chapada do Norte, e Araçuaí/MG.;00:12:00;PR-DTG;0051-2026;DTA;16/04/2026;SERRO;DIAMANTINA;Mateus Simões de Almeida;Governador de Minas Gerais;Secretaria-Geral do Estado de Minas Gerais
Traslado do Exmo. Sr. Governador do Estado de Minas Gerais e comitiva para as cidades de Diamantina/MG, Serra Azul, Capelinha, Chapada do Norte, e Araçuaí/MG.;00:12:00;PR-DTG;0051-2026;DTA;16/04/2026;SERRO;DIAMANTINA;Matheus Souza Fonseca;Assessor (a);Secretaria-Geral do Estado de Minas Gerais
Traslado do Exmo. Sr. Governador do Estado de Minas Gerais e comitiva para as cidades de Diamantina/MG, Serra Azul, Capelinha, Chapada do Norte, e Araçuaí/MG.;00:48:00;PR-DTG;0052-2026;DTA;16/04/2026;DIAMANTINA;BELO HORIZONTE;;;
Traslado do Exmo. Sr. Governador do Estado de Minas Gerais e comitiva para as Diamantina/MG, São Paulo/SP e outras.;00:30:00;PP-LCE;0080-2026;DTA;17/04/2026;DIAMANTINA;BELO HORIZONTE;Andre Valadares da Cruz;Videomaker;Secretaria de Estado de Comunicação Social
Traslado do Exmo. Sr. Governador do Estado de Minas Gerais e comitiva para as Diamantina/MG, São Paulo/SP e outras.;00:30:00;PP-LCE;0080-2026;DTA;17/04/2026;DIAMANTINA;BELO HORIZONTE;Cássia Amorim Ximenes de Souza;Secretária de Estado;Secretaria de Estado de Comunicação Social
Traslado do Exmo. Sr. Governador do Estado de Minas Gerais e comitiva para as Diamantina/MG, São Paulo/SP e outras.;00:30:00;PP-LCE;0080-2026;DTA;17/04/2026;DIAMANTINA;BELO HORIZONTE;Castellar Modesto Guimarães Neto;Consultor de Articulação Política;Secretaria de Estado de Governo
Traslado do Exmo. Sr. Governador do Estado de Minas Gerais e comitiva para as Diamantina/MG, São Paulo/SP e outras.;00:30:00;PP-LCE;0080-2026;DTA;17/04/2026;DIAMANTINA;BELO HORIZONTE;Christiana Noronha Renault de Almeida;Presidente;Serviço Social Autonômo - SERVAS
Traslado do Exmo. Sr. Governador do Estado de Minas Gerais e comitiva para as Diamantina/MG, São Paulo/SP e outras.;00:30:00;PP-LCE;0080-2026;DTA;17/04/2026;DIAMANTINA;BELO HORIZONTE;Lucas Tadeu Bonaccorsi;Ajudante de Ordens do Governador ;Gabinete Militar do Governador
Traslado do Exmo. Sr. Governador do Estado de Minas Gerais e comitiva para as Diamantina/MG, São Paulo/SP e outras.;00:30:00;PP-LCE;0080-2026;DTA;17/04/2026;DIAMANTINA;BELO HORIZONTE;Mateus Simões de Almeida;Governador de Minas Gerais;Secretaria-Geral do Estado de Minas Gerais
Traslado do Exmo. Sr. Governador do Estado de Minas Gerais e comitiva para as Diamantina/MG, São Paulo/SP e outras.;00:30:00;PP-LCE;0080-2026;DTA;17/04/2026;DIAMANTINA;BELO HORIZONTE;Matheus Souza Fonseca;Assessor (a);Secretaria-Geral do Estado de Minas Gerais
Traslado do Exmo. Governador de Minas e comitiva de Ouro Preto até Barão de Cocais/MG e para Belo Horizonte.;00:20:00;PR-DTG;0056-2026;DTA;21/04/2026;BELO HORIZONTE;OURO PRETO;;;
Traslado do Exmo. Governador de Minas e comitiva de Ouro Preto até Barão de Cocais/MG e para Belo Horizonte.;00:15:00;PR-DTG;0057-2026;DTA;21/04/2026;OURO PRETO;BARÃO DE COCAIS;Christiana Noronha Renault de Almeida;Presidente;Serviço Social Autonômo - SERVAS
Traslado do Exmo. Governador de Minas e comitiva de Ouro Preto até Barão de Cocais/MG e para Belo Horizonte.;00:15:00;PR-DTG;0057-2026;DTA;21/04/2026;OURO PRETO;BARÃO DE COCAIS;Isabela Larissa Garcia Fonseca;Ajudante de Ordens do Governador;Gabinete Militar do Governador
Traslado do Exmo. Governador de Minas e comitiva de Ouro Preto até Barão de Cocais/MG e para Belo Horizonte.;00:15:00;PR-DTG;0057-2026;DTA;21/04/2026;OURO PRETO;BARÃO DE COCAIS;Mateus Simões de Almeida;Governador de Minas Gerais;Secretaria-Geral do Estado de Minas Gerais
Traslado do Exmo. Governador de Minas e comitiva de Ouro Preto até Barão de Cocais/MG e para Belo Horizonte.;00:15:00;PR-DTG;0057-2026;DTA;21/04/2026;OURO PRETO;BARÃO DE COCAIS;Matheus Souza Fonseca;Assessor (a);Secretaria-Geral do Estado de Minas Gerais
Traslado do Exmo. Governador de Minas e comitiva de Ouro Preto até Barão de Cocais/MG e para Belo Horizonte.;00:15:00;PR-DTG;0057-2026;DTA;21/04/2026;OURO PRETO;BARÃO DE COCAIS;Weivel Maklis Gomes Freitas;Ajudante de Ordens do Governador;Gabinete Militar do Governador
Traslado do Exmo. Governador de Minas e comitiva de Ouro Preto até Barão de Cocais/MG e para Belo Horizonte.;00:17:00;PR-DTG;0058-2026;DTA;21/04/2026;BARÃO DE COCAIS;BELO HORIZONTE;Christiana Noronha Renault de Almeida;Presidente;Serviço Social Autonômo - SERVAS
Traslado do Exmo. Governador de Minas e comitiva de Ouro Preto até Barão de Cocais/MG e para Belo Horizonte.;00:17:00;PR-DTG;0058-2026;DTA;21/04/2026;BARÃO DE COCAIS;BELO HORIZONTE;Isabela Larissa Garcia Fonseca;Ajudante de Ordens do Governador;Gabinete Militar do Governador
Traslado do Exmo. Governador de Minas e comitiva de Ouro Preto até Barão de Cocais/MG e para Belo Horizonte.;00:17:00;PR-DTG;0058-2026;DTA;21/04/2026;BARÃO DE COCAIS;BELO HORIZONTE;Mateus Simões de Almeida;Governador de Minas Gerais;Secretaria-Geral do Estado de Minas Gerais
Traslado do Exmo. Governador de Minas e comitiva de Ouro Preto até Barão de Cocais/MG e para Belo Horizonte.;00:17:00;PR-DTG;0058-2026;DTA;21/04/2026;BARÃO DE COCAIS;BELO HORIZONTE;Matheus Souza Fonseca;Assessor (a);Secretaria-Geral do Estado de Minas Gerais
Traslado do Exmo. Governador de Minas e comitiva de Ouro Preto até Barão de Cocais/MG e para Belo Horizonte.;00:17:00;PR-DTG;0058-2026;DTA;21/04/2026;BARÃO DE COCAIS;BELO HORIZONTE;Weivel Maklis Gomes Freitas;Ajudante de Ordens do Governador;Gabinete Militar do Governador
Traslado do Exmo. Governador de Minas e Comitiva até as cidades de Uberaba/MG e Araxá/MG;01:00:00;PP-LCE;0081-2026;DTA;21/04/2026;BELO HORIZONTE;UBERABA;Cássia Amorim Ximenes de Souza;Secretária de Estado;Secretaria de Estado de Comunicação Social
Traslado do Exmo. Governador de Minas e Comitiva até as cidades de Uberaba/MG e Araxá/MG;01:00:00;PP-LCE;0081-2026;DTA;21/04/2026;BELO HORIZONTE;UBERABA;Castellar Modesto Guimarães Neto;Consultor de Articulação Política;Secretaria de Estado de Governo
Traslado do Exmo. Governador de Minas e Comitiva até as cidades de Uberaba/MG e Araxá/MG;01:00:00;PP-LCE;0081-2026;DTA;21/04/2026;BELO HORIZONTE;UBERABA;Christiana Noronha Renault de Almeida;Presidente;Serviço Social Autonômo - SERVAS
Traslado do Exmo. Governador de Minas e Comitiva até as cidades de Uberaba/MG e Araxá/MG;01:00:00;PP-LCE;0081-2026;DTA;21/04/2026;BELO HORIZONTE;UBERABA;Leônidas José de Oliveira;Secretária de Estado;Secretaria de Estado de Saúde
Traslado do Exmo. Governador de Minas e Comitiva até as cidades de Uberaba/MG e Araxá/MG;01:00:00;PP-LCE;0081-2026;DTA;21/04/2026;BELO HORIZONTE;UBERABA;Luiz Henrique de Rezende;Ajudante de Ordens do Governador;Gabinete Militar do Governador
Traslado do Exmo. Governador de Minas e Comitiva até as cidades de Uberaba/MG e Araxá/MG;01:00:00;PP-LCE;0081-2026;DTA;21/04/2026;BELO HORIZONTE;UBERABA;Mateus Simões de Almeida;Governador de Minas Gerais;Secretaria-Geral do Estado de Minas Gerais
Traslado do Exmo. Governador de Minas e Comitiva até as cidades de Uberaba/MG e Araxá/MG;01:00:00;PP-LCE;0081-2026;DTA;21/04/2026;BELO HORIZONTE;UBERABA;Matheus Souza Fonseca;Assessor (a);Secretaria-Geral do Estado de Minas Gerais
Traslado do Exmo. Sr. Governador do Estado de Minas Gerais e comitiva para as cidades de Uberaba, União de Minas, Frutal e Água Comprida.;01:54:00;PR-DTG;0059-2026;DTA;22/04/2026;BELO HORIZONTE;UBERABA;;;
Traslado do Exmo. Sr. Governador do Estado de Minas Gerais e comitiva para as cidades de Uberaba, União de Minas, Frutal e Água Comprida.;00:58:00;PR-DTG;0060-2026;DTA;23/04/2026;UBERABA;UNIÃO DE MINAS;Luiz Henrique de Rezende;Ajudante de Ordens do Governador;Gabinete Militar do Governador
Traslado do Exmo. Sr. Governador do Estado de Minas Gerais e comitiva para as cidades de Uberaba, União de Minas, Frutal e Água Comprida.;00:58:00;PR-DTG;0060-2026;DTA;23/04/2026;UBERABA;UNIÃO DE MINAS;Mateus Simões de Almeida;Governador de Minas Gerais;Secretaria-Geral do Estado de Minas Gerais
Traslado do Exmo. Sr. Governador do Estado de Minas Gerais e comitiva para as cidades de Uberaba, União de Minas, Frutal e Água Comprida.;00:58:00;PR-DTG;0060-2026;DTA;23/04/2026;UBERABA;UNIÃO DE MINAS;Matheus Souza Fonseca;Assessor (a);Secretaria-Geral do Estado de Minas Gerais
Traslado do Exmo. Sr. Governador do Estado de Minas Gerais e comitiva para as cidades de Uberaba, União de Minas, Frutal e Água Comprida.;00:58:00;PR-DTG;0060-2026;DTA;23/04/2026;UBERABA;UNIÃO DE MINAS;Patrícia Fiúza Queiroz;Assessor (a);Secretaria-Geral do Estado de Minas Gerais
Traslado do Exmo. Sr. Governador do Estado de Minas Gerais e comitiva para as cidades de Uberaba, União de Minas, Frutal e Água Comprida.;00:40:00;PR-DTG;0061-2026;DTA;23/04/2026;UNIÃO DE MINAS;FRUTAL;Luiz Henrique de Rezende;Ajudante de Ordens do Governador;Gabinete Militar do Governador
Traslado do Exmo. Sr. Governador do Estado de Minas Gerais e comitiva para as cidades de Uberaba, União de Minas, Frutal e Água Comprida.;00:40:00;PR-DTG;0061-2026;DTA;23/04/2026;UNIÃO DE MINAS;FRUTAL;Mateus Simões de Almeida;Governador de Minas Gerais;Secretaria-Geral do Estado de Minas Gerais
Traslado do Exmo. Sr. Governador do Estado de Minas Gerais e comitiva para as cidades de Uberaba, União de Minas, Frutal e Água Comprida.;00:40:00;PR-DTG;0061-2026;DTA;23/04/2026;UNIÃO DE MINAS;FRUTAL;Matheus Souza Fonseca;Assessor (a);Secretaria-Geral do Estado de Minas Gerais
Traslado do Exmo. Sr. Governador do Estado de Minas Gerais e comitiva para as cidades de Uberaba, União de Minas, Frutal e Água Comprida.;00:40:00;PR-DTG;0061-2026;DTA;23/04/2026;UNIÃO DE MINAS;FRUTAL;Patrícia Fiúza Queiroz;Assessor (a);Secretaria-Geral do Estado de Minas Gerais
Traslado do Exmo. Sr. Governador do Estado de Minas Gerais e comitiva para as cidades de Uberaba, União de Minas, Frutal e Água Comprida.;00:29:00;PR-DTG;0062-2026;DTA;23/04/2026;FRUTAL;UBERABA;;;
Traslado do Exmo. Sr. Governador do Estado de Minas Gerais e comitiva para as cidades de Uberaba, União de Minas, Frutal e Água Comprida.;00:18:00;PR-DTG;0063-2026;DTA;24/04/2026;UBERABA;UBERABA;Christiana Noronha Renault de Almeida;Presidente;Serviço Social Autonômo - SERVAS
Traslado do Exmo. Sr. Governador do Estado de Minas Gerais e comitiva para as cidades de Uberaba, União de Minas, Frutal e Água Comprida.;00:18:00;PR-DTG;0063-2026;DTA;24/04/2026;UBERABA;UBERABA;João Matheus Ferreira Nunes;Assessor (a);Secretaria-Geral do Estado de Minas Gerais
Traslado do Exmo. Sr. Governador do Estado de Minas Gerais e comitiva para as cidades de Uberaba, União de Minas, Frutal e Água Comprida.;00:18:00;PR-DTG;0063-2026;DTA;24/04/2026;UBERABA;UBERABA;Larissa Rodrigues Dias;Chefe de Gabinete;Secretaria-Geral do Estado de Minas Gerais
Traslado do Exmo. Sr. Governador do Estado de Minas Gerais e comitiva para as cidades de Uberaba, União de Minas, Frutal e Água Comprida.;00:18:00;PR-DTG;0063-2026;DTA;24/04/2026;UBERABA;UBERABA;Luiz Henrique de Rezende;Ajudante de Ordens do Governador;Gabinete Militar do Governador
Traslado do Exmo. Sr. Governador do Estado de Minas Gerais e comitiva para as cidades de Uberaba, União de Minas, Frutal e Água Comprida.;00:18:00;PR-DTG;0063-2026;DTA;24/04/2026;UBERABA;UBERABA;Mateus Simões de Almeida;Governador de Minas Gerais;Secretaria-Geral do Estado de Minas Gerais
Traslado do Exmo. Sr. Governador do Estado de Minas Gerais e comitiva para as cidades de Uberaba, União de Minas, Frutal e Água Comprida.;00:18:00;PR-DTG;0063-2026;DTA;24/04/2026;UBERABA;UBERABA;Patrícia Fiúza Queiroz;Assessor (a);Secretaria-Geral do Estado de Minas Gerais
Traslado do Exmo. Sr. Governador do Estado de Minas Gerais e comitiva para as cidades de Uberaba, União de Minas, Frutal e Água Comprida.;00:18:00;PR-DTG;0064-2026;DTA;24/04/2026;UBERABA;ÁGUA COMPRIDA;Christiana Noronha Renault de Almeida;Presidente;Serviço Social Autonômo - SERVAS
Traslado do Exmo. Sr. Governador do Estado de Minas Gerais e comitiva para as cidades de Uberaba, União de Minas, Frutal e Água Comprida.;00:18:00;PR-DTG;0064-2026;DTA;24/04/2026;UBERABA;ÁGUA COMPRIDA;José Laviola Neto de Lira;Deputado(a) Estadual;Assembleia Legislativa do Estado de Minas Gerais
Traslado do Exmo. Sr. Governador do Estado de Minas Gerais e comitiva para as cidades de Uberaba, União de Minas, Frutal e Água Comprida.;00:18:00;PR-DTG;0064-2026;DTA;24/04/2026;UBERABA;ÁGUA COMPRIDA;Larissa Rodrigues Dias;Chefe de Gabinete;Secretaria-Geral do Estado de Minas Gerais
Traslado do Exmo. Sr. Governador do Estado de Minas Gerais e comitiva para as cidades de Uberaba, União de Minas, Frutal e Água Comprida.;00:18:00;PR-DTG;0064-2026;DTA;24/04/2026;UBERABA;ÁGUA COMPRIDA;Luiz Henrique de Rezende;Ajudante de Ordens do Governador;Gabinete Militar do Governador
Traslado do Exmo. Sr. Governador do Estado de Minas Gerais e comitiva para as cidades de Uberaba, União de Minas, Frutal e Água Comprida.;00:18:00;PR-DTG;0064-2026;DTA;24/04/2026;UBERABA;ÁGUA COMPRIDA;Mateus Simões de Almeida;Governador de Minas Gerais;Secretaria-Geral do Estado de Minas Gerais
Traslado do Exmo. Sr. Governador do Estado de Minas Gerais e comitiva para as cidades de Uberaba, União de Minas, Frutal e Água Comprida.;00:18:00;PR-DTG;0064-2026;DTA;24/04/2026;UBERABA;ÁGUA COMPRIDA;Raul José de Belém;Deputado(a) Estadual;Assembleia Legislativa do Estado de Minas Gerais
Traslado do Exmo. Sr. Governador do Estado de Minas Gerais e comitiva para as cidades de Uberaba, União de Minas, Frutal e Água Comprida.;00:09:00;PR-DTG;0065-2026;DTA;24/04/2026;ÁGUA COMPRIDA;UBERABA;Christiana Noronha Renault de Almeida;Presidente;Serviço Social Autonômo - SERVAS
Traslado do Exmo. Sr. Governador do Estado de Minas Gerais e comitiva para as cidades de Uberaba, União de Minas, Frutal e Água Comprida.;00:09:00;PR-DTG;0065-2026;DTA;24/04/2026;ÁGUA COMPRIDA;UBERABA;José Laviola Neto de Lira;Deputado(a) Estadual;Assembleia Legislativa do Estado de Minas Gerais
Traslado do Exmo. Sr. Governador do Estado de Minas Gerais e comitiva para as cidades de Uberaba, União de Minas, Frutal e Água Comprida.;00:09:00;PR-DTG;0065-2026;DTA;24/04/2026;ÁGUA COMPRIDA;UBERABA;Larissa Rodrigues Dias;Chefe de Gabinete;Secretaria-Geral do Estado de Minas Gerais
Traslado do Exmo. Sr. Governador do Estado de Minas Gerais e comitiva para as cidades de Uberaba, União de Minas, Frutal e Água Comprida.;00:09:00;PR-DTG;0065-2026;DTA;24/04/2026;ÁGUA COMPRIDA;UBERABA;Luiz Henrique de Rezende;Ajudante de Ordens do Governador;Gabinete Militar do Governador
Traslado do Exmo. Sr. Governador do Estado de Minas Gerais e comitiva para as cidades de Uberaba, União de Minas, Frutal e Água Comprida.;00:09:00;PR-DTG;0065-2026;DTA;24/04/2026;ÁGUA COMPRIDA;UBERABA;Mateus Simões de Almeida;Governador de Minas Gerais;Secretaria-Geral do Estado de Minas Gerais
Traslado do Exmo. Sr. Governador do Estado de Minas Gerais e comitiva para as cidades de Uberaba, União de Minas, Frutal e Água Comprida.;00:09:00;PR-DTG;0065-2026;DTA;24/04/2026;ÁGUA COMPRIDA;UBERABA;Raul José de Belém;Deputado(a) Estadual;Assembleia Legislativa do Estado de Minas Gerais
Traslado do Exmo. Sr. Governador do Estado de Minas Gerais e comitiva para as cidades de Uberaba, União de Minas, Frutal e Água Comprida.;01:40:00;PR-DTG;0066-2026;DTA;25/04/2026;UBERABA;BELO HORIZONTE;;;
Traslado do Exmo. Governador de Minas e Comitiva até as cidades de Uberaba/MG e Araxá/MG;00:18:00;PP-LCE;0082-2026;DTA;25/04/2026;UBERABA;ARAXA;Christiana Noronha Renault de Almeida;Presidente;Serviço Social Autonômo - SERVAS
Traslado do Exmo. Governador de Minas e Comitiva até as cidades de Uberaba/MG e Araxá/MG;00:18:00;PP-LCE;0082-2026;DTA;25/04/2026;UBERABA;ARAXA;Luiz Henrique de Rezende;Ajudante de Ordens do Governador;Gabinete Militar do Governador
Traslado do Exmo. Governador de Minas e Comitiva até as cidades de Uberaba/MG e Araxá/MG;00:18:00;PP-LCE;0082-2026;DTA;25/04/2026;UBERABA;ARAXA;Mateus Simões de Almeida;Governador de Minas Gerais;Secretaria-Geral do Estado de Minas Gerais
Traslado do Exmo. Governador de Minas e Comitiva até as cidades de Uberaba/MG e Araxá/MG;00:42:00;PP-LCE;0083-2026;DTA;26/04/2026;ARAXA;BELO HORIZONTE;Castellar Modesto Guimarães Neto;Consultor de Articulação Política;Secretaria de Estado de Governo
Traslado do Exmo. Governador de Minas e Comitiva até as cidades de Uberaba/MG e Araxá/MG;00:42:00;PP-LCE;0083-2026;DTA;26/04/2026;ARAXA;BELO HORIZONTE;Christiana Noronha Renault de Almeida;Presidente;Serviço Social Autonômo - SERVAS
Traslado do Exmo. Governador de Minas e Comitiva até as cidades de Uberaba/MG e Araxá/MG;00:42:00;PP-LCE;0083-2026;DTA;26/04/2026;ARAXA;BELO HORIZONTE;Francine Lima Silva;Assessora/Cerimonialista ;Secretaria de Estado de Governo
Traslado do Exmo. Governador de Minas e Comitiva até as cidades de Uberaba/MG e Araxá/MG;00:42:00;PP-LCE;0083-2026;DTA;26/04/2026;ARAXA;BELO HORIZONTE;Luiz Henrique de Rezende;Ajudante de Ordens do Governador;Gabinete Militar do Governador
Traslado do Exmo. Governador de Minas e Comitiva até as cidades de Uberaba/MG e Araxá/MG;00:42:00;PP-LCE;0083-2026;DTA;26/04/2026;ARAXA;BELO HORIZONTE;Mateus Simões de Almeida;Governador de Minas Gerais;Secretaria-Geral do Estado de Minas Gerais
Traslado do Exmo. Governador de Minas e Comitiva até as cidades de Uberaba/MG e Araxá/MG;00:42:00;PP-LCE;0083-2026;DTA;26/04/2026;ARAXA;BELO HORIZONTE;Patrícia Fiúza Queiroz;Assessor (a);Secretaria-Geral do Estado de Minas Gerais
Traslado do Exmo. Sr. Governador do Estado de Minas Gerais e comitiva para as cidades de Barbacena/MG e Rio de Janeiro/RJ. ;00:24:00;PP-LCE;0084-2026;DTA;27/04/2026;BELO HORIZONTE;BARBACENA;Castellar Modesto Guimarães Neto;Consultor de Articulação Política;Secretaria de Estado de Governo
Traslado do Exmo. Sr. Governador do Estado de Minas Gerais e comitiva para as cidades de Barbacena/MG e Rio de Janeiro/RJ. ;00:24:00;PP-LCE;0084-2026;DTA;27/04/2026;BELO HORIZONTE;BARBACENA;Lafayette Luiz Doorgal de Andrada;Deputado(a) Federal;Câmara dos Deputados
Traslado do Exmo. Sr. Governador do Estado de Minas Gerais e comitiva para as cidades de Barbacena/MG e Rio de Janeiro/RJ. ;00:24:00;PP-LCE;0084-2026;DTA;27/04/2026;BELO HORIZONTE;BARBACENA;Marina Guimarães Silva Bitencourt;Assessor (a);Secretaria de Estado de Governo
Traslado do Exmo. Sr. Governador do Estado de Minas Gerais e comitiva para as cidades de Barbacena/MG e Rio de Janeiro/RJ. ;00:24:00;PP-LCE;0084-2026;DTA;27/04/2026;BELO HORIZONTE;BARBACENA;Mateus Simões de Almeida;Governador de Minas Gerais;Secretaria-Geral do Estado de Minas Gerais
Traslado do Exmo. Sr. Governador do Estado de Minas Gerais e comitiva para as cidades de Barbacena/MG e Rio de Janeiro/RJ. ;00:24:00;PP-LCE;0084-2026;DTA;27/04/2026;BELO HORIZONTE;BARBACENA;Matheus Souza Fonseca;Assessor (a);Secretaria-Geral do Estado de Minas Gerais
Traslado do Exmo. Sr. Governador do Estado de Minas Gerais e comitiva para as cidades de Barbacena/MG e Rio de Janeiro/RJ. ;00:24:00;PP-LCE;0084-2026;DTA;27/04/2026;BELO HORIZONTE;BARBACENA;Weivel Maklis Gomes Freitas;Ajudante de Ordens do Governador;Gabinete Militar do Governador
Traslado do Exmo. Sr. Governador do Estado de Minas Gerais e comitiva para as cidades de Barbacena/MG e Rio de Janeiro/RJ. ;00:30:00;PP-LCE;0085-2026;DTA;29/04/2026;BARBACENA;RIO DE JANEIRO;Mateus Simões de Almeida;Governador de Minas Gerais;Secretaria-Geral do Estado de Minas Gerais
Traslado do Exmo. Sr. Governador do Estado de Minas Gerais e comitiva para as cidades de Barbacena/MG e Rio de Janeiro/RJ. ;00:30:00;PP-LCE;0085-2026;DTA;29/04/2026;BARBACENA;RIO DE JANEIRO;Matheus Souza Fonseca;Assessor (a);Secretaria-Geral do Estado de Minas Gerais
Traslado do Exmo. Sr. Governador do Estado de Minas Gerais e comitiva para as cidades de Barbacena/MG e Rio de Janeiro/RJ. ;00:30:00;PP-LCE;0085-2026;DTA;29/04/2026;BARBACENA;RIO DE JANEIRO;Weivel Maklis Gomes Freitas;Ajudante de Ordens do Governador;Gabinete Militar do Governador
Traslado do Exmo. Sr. Governador do Estado de Minas Gerais e comitiva para as cidades de Barbacena/MG e Rio de Janeiro/RJ. ;00:30:00;PP-LCE;0086-2026;DTA;29/04/2026;RIO DE JANEIRO;BARBACENA;Mateus Simões de Almeida;Governador de Minas Gerais;Secretaria-Geral do Estado de Minas Gerais
Traslado do Exmo. Sr. Governador do Estado de Minas Gerais e comitiva para as cidades de Barbacena/MG e Rio de Janeiro/RJ. ;00:30:00;PP-LCE;0086-2026;DTA;29/04/2026;RIO DE JANEIRO;BARBACENA;Matheus Souza Fonseca;Assessor (a);Secretaria-Geral do Estado de Minas Gerais
Traslado do Exmo. Sr. Governador do Estado de Minas Gerais e comitiva para as cidades de Barbacena/MG e Rio de Janeiro/RJ. ;00:30:00;PP-LCE;0086-2026;DTA;29/04/2026;RIO DE JANEIRO;BARBACENA;Weivel Maklis Gomes Freitas;Ajudante de Ordens do Governador;Gabinete Militar do Governador
Traslado do Exmo. Sr. Governador do Estado de Minas Gerais e comitiva para as cidades de Barbacena/MG e Rio de Janeiro/RJ. ;00:34:00;PP-LCE;0087-2026;DTA;30/04/2026;BARBACENA;BELO HORIZONTE;Cássia Amorim Ximenes de Souza;Secretária de Estado;Secretaria de Estado de Comunicação Social
Traslado do Exmo. Sr. Governador do Estado de Minas Gerais e comitiva para as cidades de Barbacena/MG e Rio de Janeiro/RJ. ;00:34:00;PP-LCE;0087-2026;DTA;30/04/2026;BARBACENA;BELO HORIZONTE;Castellar Modesto Guimarães Neto;Consultor de Articulação Política;Secretaria de Estado de Governo
Traslado do Exmo. Sr. Governador do Estado de Minas Gerais e comitiva para as cidades de Barbacena/MG e Rio de Janeiro/RJ. ;00:34:00;PP-LCE;0087-2026;DTA;30/04/2026;BARBACENA;BELO HORIZONTE;Celise Barreiros Laviola Cabral de Lira;Assessor(a);Vice-Governadoria do Estado de Minas Gerais
Traslado do Exmo. Sr. Governador do Estado de Minas Gerais e comitiva para as cidades de Barbacena/MG e Rio de Janeiro/RJ. ;00:34:00;PP-LCE;0087-2026;DTA;30/04/2026;BARBACENA;BELO HORIZONTE;Francine Lima Silva;Assessora/Cerimonialista ;Secretaria de Estado de Governo
Traslado do Exmo. Sr. Governador do Estado de Minas Gerais e comitiva para as cidades de Barbacena/MG e Rio de Janeiro/RJ. ;00:34:00;PP-LCE;0087-2026;DTA;30/04/2026;BARBACENA;BELO HORIZONTE;Mateus Simões de Almeida;Governador de Minas Gerais;Secretaria-Geral do Estado de Minas Gerais
Traslado do Exmo. Sr. Governador do Estado de Minas Gerais e comitiva para as cidades de Barbacena/MG e Rio de Janeiro/RJ. ;00:34:00;PP-LCE;0087-2026;DTA;30/04/2026;BARBACENA;BELO HORIZONTE;Matheus Souza Fonseca;Assessor (a);Secretaria-Geral do Estado de Minas Gerais
Traslado do Exmo. Sr. Governador do Estado de Minas Gerais e comitiva para as cidades de Barbacena/MG e Rio de Janeiro/RJ. ;00:34:00;PP-LCE;0087-2026;DTA;30/04/2026;BARBACENA;BELO HORIZONTE;Weivel Maklis Gomes Freitas;Ajudante de Ordens do Governador;Gabinete Militar do Governador
